step,s_loss,c_loss
1,16517856000.0,0.0
2,11029025000.0,1052.657
3,8114375700.0,1831.6375
4,6482586000.0,2340.4426
5,5482771500.0,2659.677
6,4825024500.0,2861.872
7,4355604000.0,3000.4888
8,3991528400.0,3114.8923
9,3691006200.0,3217.1543
10,3432791000.0,3309.2139
11,3206371600.0,3389.1538
12,3006633500.0,3458.2456
13,2831048400.0,3518.8389
14,2675913700.0,3575.6377
15,2538423800.0,3631.6472
16,2416063000.0,3684.5405
17,2306834400.0,3734.3713
18,2208465700.0,3777.6787
19,2119163300.0,3815.4417
20,2037598200.0,3849.325
21,1962726100.0,3876.9805
22,1894403800.0,3900.4312
23,1831280800.0,3922.8882
24,1772703500.0,3940.2693
25,1718502300.0,3954.2192
26,1668309900.0,3964.8516
27,1621361700.0,3972.2344
28,1577240200.0,3978.074
29,1535519500.0,3981.7876
30,1496091400.0,3984.847
31,1458828000.0,3989.0107
32,1423604000.0,3993.4585
33,1390354200.0,3997.472
34,1358803200.0,4000.5112
35,1328649300.0,4002.1738
36,1300206100.0,4003.581
37,1273189600.0,4004.041
38,1247596300.0,4004.802
39,1223324000.0,4004.8242
40,1200124200.0,4002.7832
41,1177734300.0,4000.1384
42,1156009300.0,3996.2695
43,1135104400.0,3992.1821
44,1114894700.0,3988.8994
45,1095228900.0,3984.7156
46,1076023600.0,3979.9028
47,1057170200.0,3975.0396
48,1038802370.0,3970.339
49,1020738100.0,3966.1758
50,1002819400.0,3961.8892
51,985140500.0,3957.4023
52,967686700.0,3953.4336
53,950578940.0,3950.5256
54,933846300.0,3948.8577
55,917431800.0,3948.676
56,901205300.0,3949.6091
57,885214140.0,3950.979
58,869480600.0,3952.9482
59,854047400.0,3954.5178
60,838962940.0,3957.0854
61,824201000.0,3959.3225
62,809799940.0,3961.3516
63,795685400.0,3963.8003
64,781841700.0,3966.502
65,768316100.0,3969.8499
66,755118340.0,3973.321
67,742287800.0,3977.299
68,729802240.0,3982.161
69,717611100.0,3987.5564
70,705704800.0,3992.627
71,694023200.0,3998.1052
72,682682500.0,4003.7808
73,671636160.0,4009.2983
74,660958100.0,4014.9087
75,650585800.0,4020.4216
76,640476200.0,4025.69
77,630631100.0,4031.4326
78,621019600.0,4037.9531
79,611611650.0,4044.7307
80,602442100.0,4051.7566
81,593442400.0,4058.8696
82,584631100.0,4065.9023
83,576024640.0,4072.749
84,567648600.0,4079.4648
85,559521150.0,4084.936
86,551593800.0,4090.1035
87,543846140.0,4094.9023
88,536299200.0,4099.5347
89,528954500.0,4104.1655
90,521755900.0,4108.3887
91,514706500.0,4112.9453
92,507806270.0,4117.758
93,501070530.0,4122.987
94,494483520.0,4128.077
95,488006700.0,4132.7764
96,481658370.0,4137.631
97,475424740.0,4143.2085
98,469320130.0,4148.3735
99,463305020.0,4153.208
100,457417250.0,4157.8457
101,451641500.0,4162.515
102,445963360.0,4167.2075
103,440386880.0,4172.3325
104,434948260.0,4177.7705
105,429668100.0,4183.57
106,424513400.0,4189.4795
107,419468860.0,4195.1274
108,414512450.0,4200.7227
109,409632480.0,4206.156
110,404828700.0,4211.167
111,400106080.0,4216.338
112,395461380.0,4221.354
113,390893600.0,4225.923
114,386403600.0,4230.672
115,382007200.0,4235.743
116,377686530.0,4241.1133
117,373439580.0,4246.4277
118,369263780.0,4251.7666
119,365151230.0,4257.1455
120,361097540.0,4262.379
121,357111460.0,4267.743
122,353196480.0,4272.9043
123,349362880.0,4278.1245
124,345586800.0,4283.372
125,341866100.0,4288.845
126,338187620.0,4294.5674
127,334562200.0,4300.759
128,330976600.0,4307.339
129,327447360.0,4314.206
130,323955650.0,4320.882
131,320491170.0,4327.8584
132,317077820.0,4334.705
133,313710720.0,4341.4463
134,310391300.0,4348.086
135,307109700.0,4354.7886
136,303888320.0,4361.6636
137,300726660.0,4368.846
138,297614080.0,4375.9717
139,294546500.0,4383.0854
140,291528320.0,4390.253
141,288556670.0,4397.1626
142,285625900.0,4403.9375
143,282740640.0,4410.782
144,279903870.0,4417.4478
145,277121250.0,4423.854
146,274388800.0,4430.3745
147,271700220.0,4437.1196
148,269057920.0,4443.9824
149,266453500.0,4450.504
150,263889700.0,4457.0957
151,261363300.0,4463.715
152,258872000.0,4470.2812
153,256412020.0,4476.959
154,253989460.0,4483.635
155,251603840.0,4490.729
156,249249780.0,4498.121
157,246935650.0,4505.6514
158,244654940.0,4513.6904
159,242413180.0,4522.008
160,240195060.0,4530.3755
161,238006580.0,4538.8
162,235839580.0,4547.157
163,233700200.0,4555.461
164,231587940.0,4563.6436
165,229508050.0,4571.6865
166,227461760.0,4579.6772
167,225451890.0,4587.6245
168,223468500.0,4595.612
169,221516640.0,4603.3745
170,219596030.0,4610.8516
171,217712930.0,4617.966
172,215855800.0,4624.7476
173,214025630.0,4630.9775
174,212224370.0,4637.0273
175,210453120.0,4642.812
176,208712460.0,4648.3965
177,207000960.0,4653.8286
178,205311470.0,4659.146
179,203651540.0,4664.2534
180,202007020.0,4669.35
181,200378800.0,4674.37
182,198762830.0,4679.1323
183,197161980.0,4683.6685
184,195579140.0,4688.06
185,194013360.0,4692.1455
186,192473780.0,4696.128
187,190953120.0,4700.264
188,189454400.0,4704.7285
189,187975040.0,4709.6797
190,186510690.0,4714.9424
191,185061340.0,4720.1504
192,183628160.0,4725.369
193,182212640.0,4730.554
194,180815140.0,4735.554
195,179436800.0,4740.325
196,178075100.0,4745.079
197,176728740.0,4749.828
198,175393810.0,4754.643
199,174075040.0,4759.3877
200,172772930.0,4764.1934
201,171489760.0,4768.886
202,170223900.0,4773.6885
203,168978240.0,4778.2617
204,167746140.0,4782.4517
205,166528540.0,4786.59
206,165327840.0,4790.7236
207,164141020.0,4794.998
208,162964830.0,4799.454
209,161803780.0,4804.1963
210,160656540.0,4809.1343
211,159524110.0,4813.9434
212,158404370.0,4818.824
213,157295000.0,4823.5947
214,156194930.0,4828.567
215,155102820.0,4833.6387
216,154021340.0,4838.5967
217,152948750.0,4843.3135
218,151885950.0,4847.6914
219,150832770.0,4851.9404
220,149790300.0,4856.0923
221,148758530.0,4860.21
222,147736960.0,4864.318
223,146722600.0,4868.2905
224,145715790.0,4871.7847
225,144716770.0,4875.26
226,143728590.0,4878.618
227,142748700.0,4881.711
228,141779310.0,4884.8413
229,140819940.0,4888.081
230,139869280.0,4891.1553
231,138927980.0,4894.3223
232,137994930.0,4897.6406
233,137068510.0,4901.0615
234,136149840.0,4904.6963
235,135238350.0,4908.4224
236,134338880.0,4912.2334
237,133446610.0,4915.8496
238,132564810.0,4919.3896
239,131691670.0,4923.099
240,130826340.0,4926.841
241,129971290.0,4930.4565
242,129125320.0,4934.2524
243,128289920.0,4938.094
244,127465224.0,4941.9844
245,126649170.0,4946.052
246,125840290.0,4950.1074
247,125039380.0,4954.2324
248,124245570.0,4958.298
249,123460080.0,4962.282
250,122683480.0,4966.2637
251,121914460.0,4970.0156
252,121152370.0,4973.7104
253,120396824.0,4977.3364
254,119648370.0,4980.8823
255,118905880.0,4984.2163
256,118169390.0,4987.2935
257,117442110.0,4990.274
258,116722690.0,4993.3037
259,116012060.0,4996.2803
260,115307790.0,4999.202
261,114609650.0,5002.0615
262,113919560.0,5005.0015
263,113236424.0,5008.004
264,112558400.0,5010.813
265,111883140.0,5013.5938
266,111210424.0,5016.292
267,110541820.0,5018.9834
268,109877170.0,5021.4927
269,109216310.0,5024.062
270,108560920.0,5026.6885
271,107909870.0,5029.4155
272,107263200.0,5032.074
273,106622670.0,5034.587
274,105988450.0,5037.0454
275,105361210.0,5039.492
276,104739140.0,5041.683
277,104120650.0,5043.741
278,103508984.0,5045.666
279,102905710.0,5047.4814
280,102309400.0,5049.247
281,101717410.0,5051.1
282,101131580.0,5052.911
283,100550400.0,5054.8213
284,99972480.0,5056.866
285,99399400.0,5058.8916
286,98832100.0,5060.9785
287,98269464.0,5063.1455
288,97709380.0,5065.282
289,97150376.0,5067.543
290,96594510.0,5069.7954
291,96042210.0,5072.2334
292,95494080.0,5074.6387
293,94951544.0,5077.0103
294,94412904.0,5079.414
295,93878170.0,5081.805
296,93347440.0,5084.1753
297,92819800.0,5086.568
298,92296430.0,5088.9395
299,91777750.0,5091.281
300,91262280.0,5093.5806
301,90751976.0,5095.865
302,90245770.0,5098.1357
303,89742296.0,5100.439
304,89243090.0,5102.8003
305,88748420.0,5105.241
306,88257930.0,5107.622
307,87772090.0,5109.871
308,87288990.0,5112.008
309,86809650.0,5114.076
310,86334580.0,5116.075
311,85863490.0,5118.0347
312,85395620.0,5119.916
313,84931210.0,5121.868
314,84471440.0,5123.687
315,84016610.0,5125.5127
316,83566930.0,5127.3936
317,83120600.0,5129.304
318,82678040.0,5131.3535
319,82239190.0,5133.5605
320,81803210.0,5135.871
321,81370690.0,5138.4297
322,80940430.0,5141.1016
323,80513700.0,5143.798
324,80090440.0,5146.678
325,79670350.0,5149.716
326,79253510.0,5152.826
327,78841360.0,5155.9297
328,78432990.0,5159.093
329,78028450.0,5162.244
330,77627260.0,5165.2896
331,77229064.0,5168.343
332,76834024.0,5171.4004
333,76443336.0,5174.3086
334,76056270.0,5177.099
335,75672520.0,5179.855
336,75290264.0,5182.6426
337,74910100.0,5185.3506
338,74533740.0,5187.9507
339,74160290.0,5190.4463
340,73789656.0,5192.82
341,73422504.0,5195.2197
342,73058110.0,5197.619
343,72695230.0,5200.0728
344,72334890.0,5202.486
345,71976860.0,5204.8022
346,71620880.0,5207.093
347,71267900.0,5209.375
348,70917200.0,5211.599
349,70568264.0,5213.713
350,70220820.0,5215.7607
351,69875760.0,5217.738
352,69532430.0,5219.779
353,69190720.0,5221.935
354,68851740.0,5224.1626
355,68514980.0,5226.405
356,68180820.0,5228.611
357,67849300.0,5230.843
358,67519970.0,5233.077
359,67192770.0,5235.2812
360,66867676.0,5237.5264
361,66544536.0,5239.8423
362,66224860.0,5242.1587
363,65908296.0,5244.35
364,65594120.0,5246.3716
365,65281496.0,5248.3174
366,64971250.0,5250.1733
367,64663084.0,5251.869
368,64357270.0,5253.502
369,64054140.0,5254.9775
370,63753144.0,5256.381
371,63453628.0,5257.74
372,63156090.0,5259.0254
373,62861090.0,5260.3184
374,62568544.0,5261.5586
375,62278852.0,5262.7217
376,61991960.0,5263.885
377,61708756.0,5265.081
378,61427440.0,5266.263
379,61147936.0,5267.426
380,60870760.0,5268.545
381,60595612.0,5269.6836
382,60322050.0,5270.8555
383,60050916.0,5272.05
384,59782196.0,5273.173
385,59515444.0,5274.197
386,59250560.0,5275.2324
387,58987870.0,5276.198
388,58727280.0,5277.1704
389,58468890.0,5278.0264
390,58211896.0,5278.8135
391,57956732.0,5279.5635
392,57703240.0,5280.326
393,57452000.0,5281.0723
394,57202584.0,5281.8096
395,56955240.0,5282.585
396,56710080.0,5283.396
397,56466080.0,5284.235
398,56223816.0,5285.019
399,55982664.0,5285.902
400,55742840.0,5286.7954
401,55504150.0,5287.81
402,55266584.0,5288.825
403,55031268.0,5289.8916
404,54797612.0,5290.9346
405,54565364.0,5291.922
406,54335050.0,5292.8887
407,54106670.0,5293.91
408,53880092.0,5294.9688
409,53654804.0,5296.012
410,53431384.0,5297.1123
411,53209144.0,5298.3022
412,52988120.0,5299.452
413,52768444.0,5300.59
414,52550440.0,5301.726
415,52334456.0,5302.9277
416,52120550.0,5304.1978
417,51907970.0,5305.482
418,51696220.0,5306.8096
419,51485790.0,5308.196
420,51277336.0,5309.5264
421,51070252.0,5310.8135
422,50864950.0,5312.093
423,50661770.0,5313.34
424,50460440.0,5314.4624
425,50260240.0,5315.538
426,50061490.0,5316.543
427,49864040.0,5317.5107
428,49668350.0,5318.4795
429,49474010.0,5319.4316
430,49280896.0,5320.303
431,49089132.0,5321.17
432,48898296.0,5322.0176
433,48708256.0,5322.885
434,48518656.0,5323.7573
435,48330252.0,5324.569
436,48143612.0,5325.285
437,47957830.0,5325.9688
438,47772816.0,5326.684
439,47588756.0,5327.365
440,47406364.0,5327.99
441,47225444.0,5328.6304
442,47045896.0,5329.2856
443,46867404.0,5329.9297
444,46690116.0,5330.605
445,46513456.0,5331.2314
446,46337690.0,5331.8765
447,46162864.0,5332.51
448,45989190.0,5333.1523
449,45816736.0,5333.784
450,45645136.0,5334.403
451,45474870.0,5334.9844
452,45305828.0,5335.4966
453,45137668.0,5335.9854
454,44970790.0,5336.472
455,44805104.0,5337.01
456,44640376.0,5337.6123
457,44476664.0,5338.289
458,44314076.0,5339.0557
459,44152908.0,5339.8467
460,43993080.0,5340.582
461,43834264.0,5341.275
462,43676590.0,5342.0215
463,43519960.0,5342.785
464,43364536.0,5343.5547
465,43210304.0,5344.2305
466,43056988.0,5344.8555
467,42904730.0,5345.409
468,42753544.0,5345.909
469,42603504.0,5346.369
470,42454320.0,5346.7744
471,42306330.0,5347.2383
472,42159976.0,5347.704
473,42014850.0,5348.1426
474,41870480.0,5348.568
475,41726850.0,5348.965
476,41584210.0,5349.355
477,41442136.0,5349.7275
478,41300756.0,5350.0815
479,41160230.0,5350.3716
480,41020040.0,5350.627
481,40880440.0,5350.8096
482,40741564.0,5350.8926
483,40603684.0,5350.9404
484,40466576.0,5350.917
485,40330588.0,5350.825
486,40195570.0,5350.6367
487,40061616.0,5350.379
488,39928572.0,5350.0146
489,39796520.0,5349.5503
490,39665400.0,5349.0137
491,39535256.0,5348.4053
492,39405904.0,5347.748
493,39277292.0,5347.0967
494,39149580.0,5346.486
495,39022776.0,5345.8877
496,38897052.0,5345.3315
497,38772456.0,5344.789
498,38648572.0,5344.292
499,38525656.0,5343.8257
500,38403364.0,5343.401
501,38281744.0,5342.9795
502,38160704.0,5342.6567
503,38040210.0,5342.4146
504,37920550.0,5342.198
505,37801696.0,5342.0557
506,37683268.0,5341.994
507,37565190.0,5341.9556
508,37447844.0,5341.911
509,37331136.0,5341.831
510,37215104.0,5341.7793
511,37099876.0,5341.798
512,36985344.0,5341.882
513,36871172.0,5342.0312
514,36757276.0,5342.1846
515,36643930.0,5342.3564
516,36531040.0,5342.5557
517,36418696.0,5342.7593
518,36307230.0,5342.9326
519,36196384.0,5343.097
520,36086268.0,5343.246
521,35976664.0,5343.3887
522,35867630.0,5343.534
523,35759176.0,5343.6807
524,35651296.0,5343.78
525,35544240.0,5343.926
526,35438180.0,5344.1445
527,35332920.0,5344.4463
528,35227864.0,5344.791
529,35123416.0,5345.1484
530,35019572.0,5345.5293
531,34916148.0,5345.9214
532,34813084.0,5346.294
533,34710400.0,5346.6465
534,34608396.0,5347.0034
535,34507036.0,5347.293
536,34406264.0,5347.5664
537,34305856.0,5347.803
538,34206296.0,5347.9844
539,34107544.0,5348.1113
540,34009380.0,5348.2075
541,33911870.0,5348.299
542,33814944.0,5348.38
543,33718684.0,5348.4434
544,33623200.0,5348.5273
545,33528250.0,5348.6475
546,33433736.0,5348.788
547,33339524.0,5348.968
548,33245750.0,5349.1885
549,33152276.0,5349.422
550,33059218.0,5349.6665
551,32966622.0,5349.9526
552,32874364.0,5350.2676
553,32782596.0,5350.5986
554,32691252.0,5350.964
555,32600236.0,5351.3506
556,32509620.0,5351.793
557,32419388.0,5352.2393
558,32329340.0,5352.7324
559,32239470.0,5353.284
560,32150146.0,5353.882
561,32061266.0,5354.5527
562,31972936.0,5355.2373
563,31885078.0,5355.924
564,31797820.0,5356.6396
565,31711288.0,5357.369
566,31625186.0,5358.052
567,31539560.0,5358.6978
568,31454564.0,5359.3022
569,31370140.0,5359.882
570,31286124.0,5360.419
571,31202782.0,5360.9316
572,31120018.0,5361.4414
573,31037800.0,5361.945
574,30956256.0,5362.4043
575,30875292.0,5362.82
576,30794858.0,5363.2773
577,30714670.0,5363.772
578,30634894.0,5364.287
579,30555772.0,5364.749
580,30477112.0,5365.1787
581,30398842.0,5365.609
582,30320856.0,5366.0264
583,30243246.0,5366.4424
584,30166074.0,5366.869
585,30089532.0,5367.282
586,30013476.0,5367.696
587,29937852.0,5368.15
588,29862822.0,5368.645
589,29788064.0,5369.168
590,29713530.0,5369.715
591,29639286.0,5370.2866
592,29565356.0,5370.8765
593,29491820.0,5371.4995
594,29418722.0,5372.133
595,29346052.0,5372.754
596,29273588.0,5373.322
597,29201472.0,5373.838
598,29129614.0,5374.3115
599,29057876.0,5374.754
600,28986420.0,5375.158
601,28915456.0,5375.5107
602,28845018.0,5375.806
603,28774946.0,5376.09
604,28705106.0,5376.373
605,28635568.0,5376.6523
606,28566434.0,5376.9224
607,28497716.0,5377.1924
608,28429412.0,5377.494
609,28361548.0,5377.795
610,28294006.0,5378.133
611,28226662.0,5378.5024
612,28159564.0,5378.8867
613,28092642.0,5379.2866
614,28025896.0,5379.6504
615,27959404.0,5379.9985
616,27893184.0,5380.2954
617,27827154.0,5380.5547
618,27761504.0,5380.784
619,27696166.0,5380.9673
620,27631256.0,5381.1074
621,27566526.0,5381.2266
622,27502036.0,5381.337
623,27437808.0,5381.392
624,27373924.0,5381.415
625,27310180.0,5381.3896
626,27246660.0,5381.364
627,27183506.0,5381.314
628,27120628.0,5381.207
629,27057912.0,5381.0806
630,26995612.0,5380.9316
631,26933668.0,5380.7603
632,26871904.0,5380.6006
633,26810328.0,5380.474
634,26748966.0,5380.3843
635,26687808.0,5380.304
636,26626738.0,5380.241
637,26565772.0,5380.1436
638,26504932.0,5380.0283
639,26444406.0,5379.952
640,26384132.0,5379.8823
641,26324170.0,5379.811
642,26264476.0,5379.747
643,26205048.0,5379.675
644,26145912.0,5379.619
645,26087064.0,5379.596
646,26028512.0,5379.6094
647,25970286.0,5379.6694
648,25912232.0,5379.77
649,25854288.0,5379.8887
650,25796496.0,5380.018
651,25738934.0,5380.146
652,25681572.0,5380.2593
653,25624422.0,5380.371
654,25567542.0,5380.49
655,25510968.0,5380.623
656,25454584.0,5380.7393
657,25398492.0,5380.8306
658,25342784.0,5380.925
659,25287188.0,5381.0176
660,25231720.0,5381.1475
661,25176448.0,5381.279
662,25121392.0,5381.3853
663,25066646.0,5381.4956
664,25012100.0,5381.5923
665,24957948.0,5381.6973
666,24904068.0,5381.7837
667,24850424.0,5381.834
668,24797056.0,5381.8506
669,24743920.0,5381.8403
670,24691068.0,5381.802
671,24638406.0,5381.7393
672,24586016.0,5381.658
673,24533900.0,5381.5684
674,24482090.0,5381.4546
675,24430478.0,5381.324
676,24379160.0,5381.1855
677,24328128.0,5381.0186
678,24277276.0,5380.8394
679,24226560.0,5380.6553
680,24175948.0,5380.4526
681,24125536.0,5380.2217
682,24075264.0,5379.9814
683,24025260.0,5379.7246
684,23975520.0,5379.4565
685,23925996.0,5379.1914
686,23876704.0,5378.909
687,23827540.0,5378.618
688,23778618.0,5378.297
689,23729854.0,5377.9604
690,23681270.0,5377.625
691,23632774.0,5377.3115
692,23584356.0,5377.0107
693,23536074.0,5376.72
694,23487962.0,5376.448
695,23439986.0,5376.1895
696,23392158.0,5375.9487
697,23344568.0,5375.7397
698,23297180.0,5375.5625
699,23249922.0,5375.426
700,23202758.0,5375.322
701,23155682.0,5375.214
702,23108758.0,5375.09
703,23061976.0,5374.954
704,23015352.0,5374.816
705,22969020.0,5374.6514
706,22922854.0,5374.466
707,22876866.0,5374.2764
708,22831128.0,5374.064
709,22785606.0,5373.833
710,22740252.0,5373.597
711,22695104.0,5373.384
712,22650084.0,5373.1987
713,22605192.0,5373.0303
714,22560532.0,5372.9033
715,22516024.0,5372.8164
716,22471586.0,5372.753
717,22427372.0,5372.72
718,22383408.0,5372.7017
719,22339720.0,5372.7056
720,22296250.0,5372.7183
721,22252940.0,5372.7095
722,22209754.0,5372.7007
723,22166732.0,5372.662
724,22123920.0,5372.6084
725,22081320.0,5372.546
726,22038892.0,5372.485
727,21996586.0,5372.4185
728,21954292.0,5372.3413
729,21912092.0,5372.258
730,21870060.0,5372.1445
731,21828184.0,5372.0156
732,21786408.0,5371.8496
733,21744710.0,5371.6396
734,21703080.0,5371.3965
735,21661564.0,5371.129
736,21620146.0,5370.867
737,21578900.0,5370.591
738,21537852.0,5370.325
739,21496936.0,5370.0864
740,21456256.0,5369.9
741,21415736.0,5369.7207
742,21375348.0,5369.5576
743,21335136.0,5369.425
744,21295026.0,5369.343
745,21255022.0,5369.3027
746,21215104.0,5369.3057
747,21175368.0,5369.323
748,21135692.0,5369.3584
749,21096128.0,5369.408
750,21056660.0,5369.454
751,21017312.0,5369.4976
752,20978136.0,5369.5483
753,20939144.0,5369.584
754,20900394.0,5369.616
755,20861824.0,5369.658
756,20823430.0,5369.709
757,20785214.0,5369.7363
758,20747114.0,5369.753
759,20709052.0,5369.7725
760,20671096.0,5369.7876
761,20633156.0,5369.8115
762,20595230.0,5369.848
763,20557332.0,5369.885
764,20519374.0,5369.9155
765,20481444.0,5369.9375
766,20443624.0,5369.9346
767,20405952.0,5369.9053
768,20368404.0,5369.8286
769,20330984.0,5369.72
770,20293798.0,5369.58
771,20256760.0,5369.414
772,20219900.0,5369.2197
773,20183114.0,5369.0176
774,20146404.0,5368.8164
775,20109768.0,5368.622
776,20073248.0,5368.4287
777,20036806.0,5368.247
778,20000494.0,5368.0903
779,19964352.0,5367.939
780,19928422.0,5367.795
781,19892668.0,5367.677
782,19857008.0,5367.576
783,19821388.0,5367.504
784,19785820.0,5367.438
785,19750372.0,5367.3916
786,19714988.0,5367.334
787,19679744.0,5367.2627
788,19644578.0,5367.1787
789,19609536.0,5367.084
790,19574604.0,5366.9834
791,19539762.0,5366.871
792,19505054.0,5366.745
793,19470452.0,5366.638
794,19435896.0,5366.533
795,19401412.0,5366.41
796,19367004.0,5366.2837
797,19332734.0,5366.157
798,19298576.0,5366.032
799,19264468.0,5365.9233
800,19230398.0,5365.8145
801,19196420.0,5365.705
802,19162516.0,5365.5967
803,19128652.0,5365.509
804,19094932.0,5365.423
805,19061330.0,5365.3467
806,19027722.0,5365.2896
807,18994246.0,5365.2627
808,18960872.0,5365.2607
809,18927648.0,5365.286
810,18894552.0,5365.3403
811,18861608.0,5365.41
812,18828742.0,5365.482
813,18795948.0,5365.574
814,18763240.0,5365.664
815,18730616.0,5365.7227
816,18698054.0,5365.7373
817,18665592.0,5365.731
818,18633184.0,5365.7217
819,18600836.0,5365.6924
820,18568544.0,5365.6562
821,18536302.0,5365.6104
822,18504126.0,5365.579
823,18471980.0,5365.555
824,18439856.0,5365.514
825,18407810.0,5365.457
826,18375780.0,5365.3975
827,18343816.0,5365.3325
828,18311956.0,5365.2554
829,18280176.0,5365.1606
830,18248552.0,5365.0283
831,18217072.0,5364.8765
832,18185680.0,5364.7026
833,18154396.0,5364.5137
834,18123248.0,5364.3145
835,18092152.0,5364.0977
836,18061136.0,5363.872
837,18030190.0,5363.6416
838,17999292.0,5363.421
839,17968500.0,5363.21
840,17937806.0,5363.0156
841,17907224.0,5362.8403
842,17876710.0,5362.6724
843,17846252.0,5362.505
844,17815904.0,5362.336
845,17785648.0,5362.1655
846,17755380.0,5361.994
847,17725198.0,5361.8135
848,17695156.0,5361.6455
849,17665206.0,5361.496
850,17635308.0,5361.366
851,17605484.0,5361.253
852,17575750.0,5361.142
853,17546084.0,5361.063
854,17516500.0,5361.0254
855,17486982.0,5361.0054
856,17457510.0,5360.986
857,17428116.0,5360.9854
858,17398834.0,5360.999
859,17369644.0,5361.002
860,17340440.0,5360.994
861,17311320.0,5360.9917
862,17282268.0,5360.9688
863,17253268.0,5360.94
864,17224298.0,5360.895
865,17195372.0,5360.836
866,17166560.0,5360.782
867,17137790.0,5360.7427
868,17109128.0,5360.6934
869,17080570.0,5360.622
870,17052136.0,5360.53
871,17023832.0,5360.424
872,16995680.0,5360.2935
873,16967580.0,5360.1436
874,16939536.0,5359.9766
875,16911552.0,5359.8047
876,16883650.0,5359.643
877,16855832.0,5359.486
878,16828044.0,5359.33
879,16800296.0,5359.155
880,16772612.0,5358.9697
881,16745026.0,5358.7744
882,16717545.0,5358.584
883,16690124.0,5358.3975
884,16662774.0,5358.208
885,16635495.0,5358.0195
886,16608300.0,5357.8477
887,16581168.0,5357.6733
888,16554084.0,5357.51
889,16527113.0,5357.37
890,16500186.0,5357.2793
891,16473273.0,5357.22
892,16446382.0,5357.192
893,16419482.0,5357.184
894,16392645.0,5357.1865
895,16365897.0,5357.2036
896,16339135.0,5357.2285
897,16312412.0,5357.2607
898,16285696.0,5357.3076
899,16258995.0,5357.3633
900,16232319.0,5357.4253
901,16205678.0,5357.481
902,16179081.0,5357.545
903,16152546.0,5357.633
904,16126059.0,5357.738
905,16099682.0,5357.8267
906,16073373.0,5357.914
907,16047095.0,5358.0146
908,16020878.0,5358.098
909,15994692.0,5358.1606
910,15968560.0,5358.209
911,15942516.0,5358.245
912,15916512.0,5358.2505
913,15890624.0,5358.2383
914,15864832.0,5358.2104
915,15839164.0,5358.171
916,15813572.0,5358.122
917,15787976.0,5358.046
918,15762403.0,5357.955
919,15736834.0,5357.8564
920,15711274.0,5357.7607
921,15685752.0,5357.6436
922,15660257.0,5357.4985
923,15634820.0,5357.3345
924,15609396.0,5357.169
925,15584118.0,5357.001
926,15558968.0,5356.8384
927,15533880.0,5356.6934
928,15508838.0,5356.557
929,15483857.0,5356.422
930,15458979.0,5356.2837
931,15434158.0,5356.1357
932,15409322.0,5355.9863
933,15384493.0,5355.8394
934,15359688.0,5355.6865
935,15334962.0,5355.5093
936,15310318.0,5355.302
937,15285780.0,5355.088
938,15261310.0,5354.8735
939,15236863.0,5354.649
940,15212482.0,5354.4214
941,15188160.0,5354.214
942,15163898.0,5354.0107
943,15139628.0,5353.8203
944,15115310.0,5353.655
945,15091017.0,5353.502
946,15066777.0,5353.3613
947,15042621.0,5353.235
948,15018516.0,5353.0967
949,14994468.0,5352.9365
950,14970468.0,5352.768
951,14946536.0,5352.5923
952,14922685.0,5352.42
953,14898869.0,5352.267
954,14875146.0,5352.1064
955,14851564.0,5351.961
956,14828048.0,5351.8447
957,14804603.0,5351.722
958,14781226.0,5351.6016
959,14757901.0,5351.4863
960,14734627.0,5351.372
961,14711421.0,5351.251
962,14688285.0,5351.1216
963,14665203.0,5350.967
964,14642165.0,5350.8037
965,14619191.0,5350.668
966,14596210.0,5350.5312
967,14573183.0,5350.4004
968,14550170.0,5350.286
969,14527196.0,5350.194
970,14504264.0,5350.1113
971,14481424.0,5350.055
972,14458650.0,5350.0215
973,14435948.0,5349.994
974,14413316.0,5349.962
975,14390768.0,5349.916
976,14368318.0,5349.8584
977,14345924.0,5349.7812
978,14323654.0,5349.668
979,14301477.0,5349.53
980,14279365.0,5349.3765
981,14257278.0,5349.2266
982,14235274.0,5349.0586
983,14213309.0,5348.9033
984,14191409.0,5348.7437
985,14169582.0,5348.568
986,14147838.0,5348.392
987,14126161.0,5348.214
988,14104543.0,5348.0425
989,14083004.0,5347.8633
990,14061483.0,5347.6943
991,14040074.0,5347.53
992,14018744.0,5347.375
993,13997512.0,5347.225
994,13976332.0,5347.082
995,13955256.0,5346.9575
996,13934250.0,5346.8545
997,13913250.0,5346.7646
998,13892264.0,5346.6807
999,13871333.0,5346.5723
1000,13850428.0,5346.456
1001,13829523.0,5346.3447
1002,13808683.0,5346.2285
1003,13787857.0,5346.127
1004,13767088.0,5346.0137
1005,13746344.0,5345.898
1006,13725656.0,5345.794
1007,13704987.0,5345.714
1008,13684396.0,5345.656
1009,13663809.0,5345.6147
1010,13643212.0,5345.5786
1011,13622652.0,5345.557
1012,13602133.0,5345.541
1013,13581626.0,5345.5156
1014,13561153.0,5345.484
1015,13540752.0,5345.4443
1016,13520414.0,5345.411
1017,13500158.0,5345.376
1018,13479977.0,5345.34
1019,13459882.0,5345.302
1020,13439840.0,5345.265
1021,13419850.0,5345.2344
1022,13399915.0,5345.208
1023,13380044.0,5345.202
1024,13360198.0,5345.203
1025,13340330.0,5345.211
1026,13320483.0,5345.2236
1027,13300702.0,5345.2383
1028,13280977.0,5345.2603
1029,13261302.0,5345.2896
1030,13241698.0,5345.328
1031,13222124.0,5345.3823
1032,13202574.0,5345.455
1033,13183040.0,5345.546
1034,13163518.0,5345.6562
1035,13144002.0,5345.776
1036,13124476.0,5345.901
1037,13104964.0,5346.036
1038,13085490.0,5346.1685
1039,13066084.0,5346.294
1040,13046730.0,5346.412
1041,13027450.0,5346.518
1042,13008224.0,5346.623
1043,12989048.0,5346.706
1044,12969928.0,5346.7607
1045,12950856.0,5346.805
1046,12931833.0,5346.8384
1047,12912863.0,5346.8574
1048,12893925.0,5346.874
1049,12874990.0,5346.8813
1050,12856090.0,5346.8813
1051,12837290.0,5346.8887
1052,12818589.0,5346.8984
1053,12799954.0,5346.9116
1054,12781390.0,5346.938
1055,12762879.0,5346.977
1056,12744416.0,5347.037
1057,12725986.0,5347.1045
1058,12707564.0,5347.1787
1059,12689169.0,5347.2627
1060,12670812.0,5347.347
1061,12652438.0,5347.434
1062,12634093.0,5347.5303
1063,12615752.0,5347.6475
1064,12597373.0,5347.771
1065,12579020.0,5347.8994
1066,12560726.0,5348.048
1067,12542473.0,5348.2104
1068,12524234.0,5348.3765
1069,12506073.0,5348.543
1070,12488010.0,5348.706
1071,12470024.0,5348.8706
1072,12452094.0,5349.0283
1073,12434184.0,5349.1675
1074,12416343.0,5349.295
1075,12398527.0,5349.412
1076,12380762.0,5349.533
1077,12362998.0,5349.646
1078,12345263.0,5349.758
1079,12327552.0,5349.8574
1080,12309876.0,5349.952
1081,12292220.0,5350.0303
1082,12274608.0,5350.088
1083,12257066.0,5350.117
1084,12239550.0,5350.1133
1085,12222046.0,5350.085
1086,12204594.0,5350.0283
1087,12187202.0,5349.957
1088,12169890.0,5349.8647
1089,12152612.0,5349.751
1090,12135349.0,5349.6177
1091,12118102.0,5349.4966
1092,12100846.0,5349.3833
1093,12083605.0,5349.268
1094,12066388.0,5349.1606
1095,12049223.0,5349.0557
1096,12032072.0,5348.9697
1097,12014944.0,5348.8945
1098,11997860.0,5348.8057
1099,11980804.0,5348.707
1100,11963746.0,5348.607
1101,11946703.0,5348.51
1102,11929656.0,5348.425
1103,11912626.0,5348.34
1104,11895619.0,5348.256
1105,11878668.0,5348.1787
1106,11861734.0,5348.1294
1107,11844875.0,5348.0967
1108,11828053.0,5348.073
1109,11811257.0,5348.0684
1110,11794544.0,5348.0464
1111,11777910.0,5348.0015
1112,11761329.0,5347.954
1113,11744784.0,5347.9077
1114,11728276.0,5347.855
1115,11711807.0,5347.804
1116,11695381.0,5347.7617
1117,11678964.0,5347.7383
1118,11662540.0,5347.737
1119,11646130.0,5347.7407
1120,11629759.0,5347.7607
1121,11613464.0,5347.773
1122,11597226.0,5347.756
1123,11581036.0,5347.7197
1124,11564888.0,5347.6553
1125,11548777.0,5347.561
1126,11532700.0,5347.446
1127,11516653.0,5347.2983
1128,11500654.0,5347.131
1129,11484708.0,5346.9575
1130,11468829.0,5346.791
1131,11453003.0,5346.6357
1132,11437212.0,5346.5024
1133,11421439.0,5346.3896
1134,11405677.0,5346.298
1135,11389924.0,5346.2256
1136,11374228.0,5346.169
1137,11358550.0,5346.122
1138,11342919.0,5346.076
1139,11327320.0,5346.033
1140,11311725.0,5345.9907
1141,11296165.0,5345.9434
1142,11280632.0,5345.8936
1143,11265128.0,5345.8506
1144,11249638.0,5345.816
1145,11234146.0,5345.8047
1146,11218682.0,5345.795
1147,11203250.0,5345.7744
1148,11187844.0,5345.745
1149,11172474.0,5345.7266
1150,11157111.0,5345.698
1151,11141782.0,5345.6396
1152,11126496.0,5345.578
1153,11111259.0,5345.5244
1154,11096061.0,5345.468
1155,11080938.0,5345.405
1156,11065842.0,5345.345
1157,11050780.0,5345.298
1158,11035774.0,5345.2407
1159,11020794.0,5345.1865
1160,11005850.0,5345.1265
1161,10990924.0,5345.0684
1162,10976047.0,5345.013
1163,10961217.0,5344.9463
1164,10946422.0,5344.874
1165,10931675.0,5344.792
1166,10916932.0,5344.71
1167,10902230.0,5344.612
1168,10887582.0,5344.493
1169,10872954.0,5344.367
1170,10858347.0,5344.218
1171,10843732.0,5344.0557
1172,10829138.0,5343.8867
1173,10814552.0,5343.7153
1174,10800001.0,5343.534
1175,10785482.0,5343.3423
1176,10770992.0,5343.1494
1177,10756562.0,5342.9478
1178,10742180.0,5342.731
1179,10727846.0,5342.51
1180,10713574.0,5342.2866
1181,10699343.0,5342.0625
1182,10685152.0,5341.833
1183,10671020.0,5341.592
1184,10656926.0,5341.3506
1185,10642850.0,5341.1143
1186,10628790.0,5340.8975
1187,10614762.0,5340.6885
1188,10600761.0,5340.4893
1189,10586772.0,5340.311
1190,10572800.0,5340.13
1191,10558839.0,5339.9478
1192,10544872.0,5339.77
1193,10530896.0,5339.589
1194,10516918.0,5339.394
1195,10502923.0,5339.189
1196,10488932.0,5338.9717
1197,10474946.0,5338.7363
1198,10460991.0,5338.494
1199,10447076.0,5338.248
1200,10433194.0,5338.001
1201,10419341.0,5337.7544
1202,10405490.0,5337.529
1203,10391623.0,5337.321
1204,10377779.0,5337.1143
1205,10363946.0,5336.909
1206,10350140.0,5336.7085
1207,10336350.0,5336.5107
1208,10322592.0,5336.3306
1209,10308850.0,5336.1694
1210,10295126.0,5336.036
1211,10281410.0,5335.929
1212,10267722.0,5335.8564
1213,10254060.0,5335.8306
1214,10240420.0,5335.8213
1215,10226816.0,5335.818
1216,10213247.0,5335.828
1217,10199694.0,5335.8447
1218,10186173.0,5335.8716
1219,10172670.0,5335.9194
1220,10159209.0,5335.993
1221,10145780.0,5336.095
1222,10132372.0,5336.211
1223,10118972.0,5336.3403
1224,10105599.0,5336.4697
1225,10092274.0,5336.599
1226,10078986.0,5336.7266
1227,10065739.0,5336.843
1228,10052520.0,5336.944
1229,10039347.0,5337.0215
1230,10026211.0,5337.074
1231,10013089.0,5337.1055
1232,10000002.0,5337.131
1233,9986942.0,5337.1475
1234,9973903.0,5337.159
1235,9960912.0,5337.177
1236,9947956.0,5337.202
1237,9935036.0,5337.216
1238,9922150.0,5337.2236
1239,9909306.0,5337.2236
1240,9896461.0,5337.2275
1241,9883617.0,5337.2236
1242,9870824.0,5337.209
1243,9858070.0,5337.181
1244,9845342.0,5337.133
1245,9832635.0,5337.072
1246,9819951.0,5337.001
1247,9807272.0,5336.9307
1248,9794632.0,5336.8604
1249,9782000.0,5336.787
1250,9769380.0,5336.7173
1251,9756801.0,5336.6484
1252,9744246.0,5336.565
1253,9731733.0,5336.4805
1254,9719247.0,5336.379
1255,9706786.0,5336.2676
1256,9694362.0,5336.1577
1257,9681960.0,5336.042
1258,9669565.0,5335.9395
1259,9657169.0,5335.8657
1260,9644800.0,5335.8164
1261,9632475.0,5335.7812
1262,9620200.0,5335.7505
1263,9607962.0,5335.7227
1264,9595742.0,5335.6816
1265,9583546.0,5335.64
1266,9571349.0,5335.5986
1267,9559166.0,5335.5576
1268,9547006.0,5335.517
1269,9534865.0,5335.4736
1270,9522743.0,5335.4263
1271,9510608.0,5335.375
1272,9498489.0,5335.3145
1273,9486394.0,5335.2373
1274,9474326.0,5335.1553
1275,9462282.0,5335.06
1276,9450277.0,5334.949
1277,9438294.0,5334.837
1278,9426334.0,5334.723
1279,9414384.0,5334.608
1280,9402469.0,5334.4927
1281,9390594.0,5334.379
1282,9378758.0,5334.2637
1283,9366948.0,5334.147
1284,9355162.0,5334.0264
1285,9343384.0,5333.92
1286,9331622.0,5333.8174
1287,9319864.0,5333.7197
1288,9308122.0,5333.6294
1289,9296397.0,5333.555
1290,9284698.0,5333.4995
1291,9273004.0,5333.461
1292,9261326.0,5333.426
1293,9249660.0,5333.396
1294,9238007.0,5333.3545
1295,9226388.0,5333.3135
1296,9214797.0,5333.2637
1297,9203220.0,5333.199
1298,9191662.0,5333.1196
1299,9180108.0,5333.051
1300,9168584.0,5332.985
1301,9157092.0,5332.926
1302,9145597.0,5332.8735
1303,9134124.0,5332.826
1304,9122667.0,5332.77
1305,9111228.0,5332.6973
1306,9099802.0,5332.593
1307,9088396.0,5332.461
1308,9077036.0,5332.285
1309,9065708.0,5332.083
1310,9054399.0,5331.863
1311,9043110.0,5331.631
1312,9031837.0,5331.3955
1313,9020566.0,5331.173
1314,9009308.0,5330.964
1315,8998081.0,5330.753
1316,8986878.0,5330.551
1317,8975691.0,5330.341
1318,8964520.0,5330.128
1319,8953356.0,5329.912
1320,8942200.0,5329.6973
1321,8931068.0,5329.472
1322,8919969.0,5329.2485
1323,8908894.0,5329.0273
1324,8897828.0,5328.824
1325,8886772.0,5328.631
1326,8875716.0,5328.454
1327,8864672.0,5328.291
1328,8853654.0,5328.1323
1329,8842639.0,5327.9805
1330,8831636.0,5327.824
1331,8820649.0,5327.658
1332,8809700.0,5327.485
1333,8798788.0,5327.3022
1334,8787897.0,5327.1133
1335,8777018.0,5326.9297
1336,8766163.0,5326.7495
1337,8755335.0,5326.569
1338,8744530.0,5326.3906
1339,8733740.0,5326.209
1340,8722954.0,5326.0156
1341,8712199.0,5325.8154
1342,8701472.0,5325.621
1343,8690750.0,5325.425
1344,8680023.0,5325.2173
1345,8669314.0,5324.996
1346,8658611.0,5324.7617
1347,8647909.0,5324.5195
1348,8637227.0,5324.269
1349,8626541.0,5324.0
1350,8615840.0,5323.7036
1351,8605169.0,5323.399
1352,8594538.0,5323.103
1353,8583928.0,5322.81
1354,8573333.0,5322.5205
1355,8562774.0,5322.239
1356,8552263.0,5321.9653
1357,8541762.0,5321.699
1358,8531274.0,5321.433
1359,8520803.0,5321.164
1360,8510338.0,5320.8926
1361,8499871.0,5320.619
1362,8489390.0,5320.3438
1363,8478927.0,5320.073
1364,8468488.0,5319.814
1365,8458075.0,5319.5747
1366,8447675.0,5319.3594
1367,8437289.0,5319.168
1368,8426921.0,5318.9863
1369,8416572.0,5318.8057
1370,8406239.0,5318.6377
1371,8395926.0,5318.462
1372,8385636.0,5318.2783
1373,8375363.0,5318.0747
1374,8365104.0,5317.866
1375,8354857.0,5317.6523
1376,8344632.0,5317.447
1377,8334439.5,5317.2393
1378,8324269.5,5317.0264
1379,8314125.5,5316.799
1380,8304015.0,5316.5645
1381,8293935.5,5316.322
1382,8283867.5,5316.0674
1383,8273803.0,5315.795
1384,8263743.5,5315.492
1385,8253706.0,5315.1665
1386,8243704.0,5314.8423
1387,8233722.0,5314.531
1388,8223758.0,5314.243
1389,8213808.5,5313.975
1390,8203876.0,5313.7334
1391,8193952.5,5313.5137
1392,8184020.5,5313.3145
1393,8174093.0,5313.127
1394,8164156.0,5312.951
1395,8154223.0,5312.7764
1396,8144308.0,5312.6045
1397,8134418.0,5312.424
1398,8124529.5,5312.243
1399,8114655.0,5312.0566
1400,8104800.5,5311.8735
1401,8094975.0,5311.6943
1402,8085177.0,5311.5254
1403,8075390.5,5311.3564
1404,8065625.0,5311.1846
1405,8055875.0,5311.004
1406,8046114.0,5310.8145
1407,8036368.0,5310.6187
1408,8026637.5,5310.4165
1409,8016934.0,5310.218
1410,8007243.0,5310.0205
1411,7997561.0,5309.8164
1412,7987892.0,5309.6045
1413,7978236.5,5309.374
1414,7968591.0,5309.139
1415,7958965.0,5308.9014
1416,7949350.0,5308.664
1417,7939760.0,5308.421
1418,7930196.5,5308.1626
1419,7920655.0,5307.907
1420,7911106.5,5307.665
1421,7901572.0,5307.4307
1422,7892036.0,5307.217
1423,7882519.5,5307.0127
1424,7873012.0,5306.8286
1425,7863513.0,5306.667
1426,7854011.5,5306.5264
1427,7844524.0,5306.4
1428,7835049.5,5306.29
1429,7825593.0,5306.192
1430,7816140.0,5306.107
1431,7806706.5,5306.0347
1432,7797291.5,5305.9683
1433,7787904.5,5305.902
1434,7778536.0,5305.8306
1435,7769179.0,5305.7407
1436,7759850.0,5305.6416
1437,7750535.0,5305.539
1438,7741236.0,5305.4316
1439,7731951.5,5305.3213
1440,7722674.5,5305.207
1441,7713415.0,5305.092
1442,7704190.0,5304.9604
1443,7694984.0,5304.826
1444,7685789.0,5304.671
1445,7676602.0,5304.5137
1446,7667428.0,5304.3516
1447,7658263.5,5304.1875
1448,7649109.0,5304.0156
1449,7639973.5,5303.8438
1450,7630850.5,5303.6855
1451,7621736.0,5303.54
1452,7612637.5,5303.403
1453,7603544.5,5303.28
1454,7594465.5,5303.172
1455,7585406.0,5303.0703
1456,7576361.5,5302.98
1457,7567333.5,5302.892
1458,7558314.0,5302.8066
1459,7549303.0,5302.735
1460,7540299.0,5302.671
1461,7531317.0,5302.6113
1462,7522348.0,5302.56
1463,7513397.0,5302.51
1464,7504460.0,5302.456
1465,7495539.0,5302.3965
1466,7486640.5,5302.3315
1467,7477754.0,5302.26
1468,7468878.0,5302.178
1469,7460009.0,5302.0996
1470,7451160.0,5302.03
1471,7442335.5,5301.9688
1472,7433517.0,5301.9062
1473,7424721.5,5301.8477
1474,7415940.0,5301.779
1475,7407175.0,5301.6978
1476,7398430.0,5301.6025
1477,7389699.5,5301.4854
1478,7380970.0,5301.3555
1479,7372246.5,5301.223
1480,7363529.0,5301.0815
1481,7354815.5,5300.94
1482,7346106.0,5300.807
1483,7337418.0,5300.6743
1484,7328742.5,5300.5444
1485,7320074.0,5300.4106
1486,7311415.0,5300.27
1487,7302771.0,5300.1187
1488,7294151.0,5299.953
1489,7285548.0,5299.776
1490,7276949.5,5299.595
1491,7268370.0,5299.408
1492,7259811.0,5299.2134
1493,7251274.0,5299.016
1494,7242765.5,5298.831
1495,7234275.0,5298.653
1496,7225801.0,5298.4766
1497,7217340.5,5298.3057
1498,7208898.0,5298.1357
1499,7200467.0,5297.966
1500,7192047.0,5297.8135
1501,7183645.0,5297.6846
1502,7175260.0,5297.5737
1503,7166896.0,5297.4844
1504,7158546.0,5297.414
1505,7150222.5,5297.339
1506,7141919.0,5297.263
1507,7133611.5,5297.1904
1508,7125305.5,5297.116
1509,7117004.0,5297.04
1510,7108730.0,5296.9663
1511,7100463.0,5296.8926
1512,7092202.0,5296.8184
1513,7083966.0,5296.733
1514,7075748.0,5296.626
1515,7067540.5,5296.5
1516,7059347.0,5296.3633
1517,7051172.0,5296.2188
1518,7043006.0,5296.076
1519,7034845.0,5295.9336
1520,7026682.0,5295.791
1521,7018518.5,5295.6494
1522,7010367.0,5295.5176
1523,7002213.0,5295.4043
1524,6994078.5,5295.2944
1525,6985947.5,5295.1855
1526,6977828.0,5295.0674
1527,6969730.5,5294.932
1528,6961648.0,5294.789
1529,6953578.0,5294.646
1530,6945535.5,5294.487
1531,6937502.0,5294.3237
1532,6929492.0,5294.163
1533,6921505.0,5294.002
1534,6913537.0,5293.8496
1535,6905582.5,5293.701
1536,6897645.0,5293.555
1537,6889719.0,5293.4106
1538,6881807.0,5293.263
1539,6873889.0,5293.114
1540,6865982.0,5292.961
1541,6858092.5,5292.8164
1542,6850208.5,5292.672
1543,6842327.0,5292.529
1544,6834449.0,5292.3896
1545,6826557.0,5292.2485
1546,6818667.0,5292.0977
1547,6810788.0,5291.9355
1548,6802924.5,5291.7607
1549,6795083.0,5291.577
1550,6787243.5,5291.383
1551,6779410.0,5291.1836
1552,6771590.5,5290.997
1553,6763768.0,5290.824
1554,6755950.0,5290.6567
1555,6748144.0,5290.492
1556,6740348.0,5290.326
1557,6732564.0,5290.16
1558,6724793.5,5289.9956
1559,6717032.0,5289.833
1560,6709284.0,5289.672
1561,6701555.0,5289.504
1562,6693833.5,5289.3394
1563,6686116.0,5289.172
1564,6678416.5,5288.999
1565,6670736.5,5288.8203
1566,6663067.0,5288.6357
1567,6655417.5,5288.448
1568,6647780.5,5288.2544
1569,6640152.5,5288.0527
1570,6632532.0,5287.8423
1571,6624921.0,5287.623
1572,6617319.0,5287.3896
1573,6609727.0,5287.1396
1574,6602149.0,5286.882
1575,6594590.0,5286.616
1576,6587047.0,5286.3438
1577,6579505.0,5286.08
1578,6571964.0,5285.8193
1579,6564438.5,5285.5723
1580,6556932.5,5285.3394
1581,6549437.5,5285.1206
1582,6541947.0,5284.902
1583,6534466.0,5284.688
1584,6526984.0,5284.482
1585,6519510.0,5284.2764
1586,6512055.0,5284.0693
1587,6504614.0,5283.8657
1588,6497176.0,5283.67
1589,6489748.0,5283.4873
1590,6482328.5,5283.3145
1591,6474920.0,5283.1543
1592,6467526.5,5282.9976
1593,6460145.5,5282.8438
1594,6452783.5,5282.688
1595,6445434.0,5282.532
1596,6438098.0,5282.3623
1597,6430769.5,5282.1978
1598,6423444.0,5282.034
1599,6416118.5,5281.866
1600,6408788.0,5281.6978
1601,6401463.5,5281.5166
1602,6394159.0,5281.3164
1603,6386870.0,5281.099
1604,6379586.0,5280.869
1605,6372314.0,5280.6406
1606,6365056.0,5280.4043
1607,6357803.0,5280.167
1608,6350563.5,5279.931
1609,6343329.0,5279.703
1610,6336107.5,5279.4834
1611,6328898.5,5279.27
1612,6321709.0,5279.0615
1613,6314533.0,5278.8535
1614,6307367.0,5278.6484
1615,6300208.5,5278.449
1616,6293062.0,5278.251
1617,6285928.0,5278.048
1618,6278801.0,5277.845
1619,6271692.0,5277.6426
1620,6264598.0,5277.4346
1621,6257515.5,5277.2227
1622,6250449.0,5277.001
1623,6243392.5,5276.7686
1624,6236346.0,5276.5312
1625,6229311.5,5276.2793
1626,6222286.5,5276.0215
1627,6215272.0,5275.7637
1628,6208272.0,5275.5073
1629,6201287.0,5275.246
1630,6194307.0,5274.9854
1631,6187332.0,5274.731
1632,6180372.5,5274.4795
1633,6173422.5,5274.2334
1634,6166476.5,5274.001
1635,6159532.0,5273.7744
1636,6152590.0,5273.555
1637,6145660.5,5273.336
1638,6138727.0,5273.125
1639,6131801.0,5272.9204
1640,6124901.0,5272.7197
1641,6118007.5,5272.5264
1642,6111113.0,5272.337
1643,6104224.0,5272.1455
1644,6097349.0,5271.948
1645,6090482.5,5271.751
1646,6083619.5,5271.557
1647,6076762.5,5271.3745
1648,6069918.0,5271.205
1649,6063074.0,5271.0454
1650,6056240.5,5270.888
1651,6049410.0,5270.7354
1652,6042591.5,5270.581
1653,6035792.0,5270.4297
1654,6029005.0,5270.2725
1655,6022217.0,5270.1133
1656,6015434.0,5269.947
1657,6008658.0,5269.786
1658,6001885.0,5269.635
1659,5995118.0,5269.4956
1660,5988361.5,5269.36
1661,5981602.0,5269.2227
1662,5974855.5,5269.084
1663,5968120.0,5268.9487
1664,5961409.0,5268.8115
1665,5954719.5,5268.674
1666,5948047.0,5268.5454
1667,5941383.5,5268.421
1668,5934716.0,5268.3
1669,5928056.5,5268.1714
1670,5921405.0,5268.0396
1671,5914763.0,5267.8984
1672,5908131.5,5267.748
1673,5901511.0,5267.593
1674,5894905.0,5267.437
1675,5888304.0,5267.283
1676,5881711.0,5267.124
1677,5875122.0,5266.969
1678,5868542.5,5266.819
1679,5861970.5,5266.678
1680,5855395.0,5266.5435
1681,5848826.5,5266.414
1682,5842257.0,5266.288
1683,5835684.5,5266.158
1684,5829119.5,5266.0254
1685,5822560.0,5265.8823
1686,5816005.5,5265.7285
1687,5809452.5,5265.5625
1688,5802900.0,5265.392
1689,5796356.5,5265.2188
1690,5789823.5,5265.046
1691,5783308.5,5264.877
1692,5776793.5,5264.7134
1693,5770271.0,5264.546
1694,5763751.0,5264.374
1695,5757250.0,5264.1904
1696,5750760.0,5263.997
1697,5744286.0,5263.8003
1698,5737815.0,5263.589
1699,5731358.0,5263.37
1700,5724906.0,5263.1504
1701,5718460.0,5262.928
1702,5712022.0,5262.7144
1703,5705588.5,5262.514
1704,5699162.0,5262.3247
1705,5692735.0,5262.1475
1706,5686312.0,5261.9873
1707,5679906.5,5261.841
1708,5673511.0,5261.699
1709,5667127.0,5261.564
1710,5660756.5,5261.4307
1711,5654398.0,5261.2964
1712,5648054.0,5261.157
1713,5641716.0,5261.0176
1714,5635381.0,5260.877
1715,5629049.5,5260.736
1716,5622721.0,5260.5967
1717,5616406.5,5260.462
1718,5610098.5,5260.3237
1719,5603799.0,5260.1904
1720,5597504.0,5260.0625
1721,5591221.0,5259.9297
1722,5584952.0,5259.793
1723,5578688.5,5259.667
1724,5572442.0,5259.545
1725,5566215.0,5259.4277
1726,5560004.5,5259.3047
1727,5553810.0,5259.1714
1728,5547633.0,5259.035
1729,5541485.0,5258.898
1730,5535360.5,5258.754
1731,5529253.5,5258.614
1732,5523152.0,5258.484
1733,5517059.0,5258.367
1734,5510961.0,5258.2705
1735,5504865.5,5258.182
1736,5498780.0,5258.097
1737,5492707.0,5258.017
1738,5486636.5,5257.9463
1739,5480566.0,5257.882
1740,5474498.0,5257.8213
1741,5468446.5,5257.7617
1742,5462411.0,5257.701
1743,5456395.0,5257.6504
1744,5450389.0,5257.5977
1745,5444389.0,5257.5405
1746,5438395.0,5257.4766
1747,5432404.0,5257.3994
1748,5426417.0,5257.3164
1749,5420434.5,5257.227
1750,5414445.5,5257.1323
1751,5408464.0,5257.041
1752,5402486.0,5256.953
1753,5396522.5,5256.871
1754,5390570.0,5256.79
1755,5384627.5,5256.708
1756,5378689.0,5256.6226
1757,5372757.0,5256.5264
1758,5366828.0,5256.4307
1759,5360901.5,5256.335
1760,5354988.0,5256.2314
1761,5349089.0,5256.1343
1762,5343190.5,5256.0356
1763,5337308.0,5255.9424
1764,5331438.0,5255.8447
1765,5325562.0,5255.732
1766,5319692.0,5255.608
1767,5313833.0,5255.481
1768,5307980.0,5255.3486
1769,5302136.0,5255.204
1770,5296300.5,5255.052
1771,5290474.0,5254.9014
1772,5284656.0,5254.757
1773,5278846.0,5254.608
1774,5273048.5,5254.4595
1775,5267253.0,5254.298
1776,5261461.0,5254.1123
1777,5255677.5,5253.9146
1778,5249896.0,5253.703
1779,5244117.5,5253.4805
1780,5238338.0,5253.2554
1781,5232565.0,5253.0273
1782,5226807.0,5252.8013
1783,5221051.0,5252.575
1784,5215304.0,5252.3604
1785,5209567.5,5252.151
1786,5203843.5,5251.953
1787,5198120.5,5251.7627
1788,5192404.0,5251.592
1789,5186692.5,5251.4395
1790,5180994.5,5251.3022
1791,5175311.5,5251.174
1792,5169633.0,5251.0503
1793,5163958.5,5250.927
1794,5158293.0,5250.796
1795,5152642.5,5250.6636
1796,5147012.0,5250.5396
1797,5141392.0,5250.4326
1798,5135781.5,5250.3296
1799,5130169.0,5250.2363
1800,5124563.5,5250.1562
1801,5118961.5,5250.0938
1802,5113365.0,5250.048
1803,5107777.5,5250.0127
1804,5102195.5,5249.9805
1805,5096618.5,5249.955
1806,5091048.0,5249.9355
1807,5085487.0,5249.9233
1808,5079935.0,5249.9067
1809,5074389.0,5249.8823
1810,5068852.0,5249.8403
1811,5063324.0,5249.7783
1812,5057800.0,5249.705
1813,5052285.5,5249.6104
1814,5046779.0,5249.499
1815,5041278.0,5249.3853
1816,5035784.0,5249.2676
1817,5030295.0,5249.1465
1818,5024821.0,5249.0186
1819,5019356.0,5248.893
1820,5013906.0,5248.763
1821,5008460.5,5248.6396
1822,5003024.0,5248.5215
1823,4997589.0,5248.4014
1824,4992165.5,5248.2744
1825,4986747.0,5248.1426
1826,4981333.5,5248.0107
1827,4975931.0,5247.88
1828,4970544.5,5247.7393
1829,4965169.0,5247.5967
1830,4959795.0,5247.461
1831,4954420.5,5247.332
1832,4949053.0,5247.203
1833,4943695.5,5247.076
1834,4938348.0,5246.952
1835,4933007.5,5246.8257
1836,4927670.5,5246.7
1837,4922341.0,5246.561
1838,4917013.0,5246.4097
1839,4911682.0,5246.252
1840,4906352.5,5246.0874
1841,4901030.0,5245.916
1842,4895703.5,5245.745
1843,4890390.0,5245.574
1844,4885091.5,5245.4004
1845,4879801.0,5245.2266
1846,4874517.0,5245.0615
1847,4869237.5,5244.907
1848,4863965.0,5244.754
1849,4858698.0,5244.6064
1850,4853437.0,5244.462
1851,4848179.0,5244.3223
1852,4842926.5,5244.192
1853,4837674.0,5244.068
1854,4832426.5,5243.9355
1855,4827187.5,5243.7905
1856,4821966.0,5243.6294
1857,4816759.5,5243.456
1858,4811567.0,5243.2686
1859,4806382.5,5243.075
1860,4801198.0,5242.8667
1861,4796020.5,5242.657
1862,4790851.0,5242.448
1863,4785682.0,5242.2354
1864,4780511.0,5242.0205
1865,4775348.0,5241.811
1866,4770191.0,5241.6025
1867,4765043.0,5241.3955
1868,4759903.5,5241.195
1869,4754768.5,5240.998
1870,4749640.0,5240.808
1871,4744518.5,5240.626
1872,4739404.0,5240.4424
1873,4734296.0,5240.254
1874,4729192.0,5240.0586
1875,4724097.0,5239.8633
1876,4719010.0,5239.6685
1877,4713937.5,5239.4707
1878,4708876.0,5239.2754
1879,4703820.0,5239.0884
1880,4698767.0,5238.9
1881,4693713.5,5238.713
1882,4688669.5,5238.5254
1883,4683633.0,5238.34
1884,4678602.0,5238.1567
1885,4673573.0,5237.9863
1886,4668549.0,5237.8247
1887,4663535.0,5237.676
1888,4658524.5,5237.536
1889,4653513.0,5237.4004
1890,4648508.5,5237.258
1891,4643508.5,5237.1143
1892,4638517.0,5236.9614
1893,4633532.0,5236.8027
1894,4628555.0,5236.6445
1895,4623580.5,5236.496
1896,4618615.0,5236.3604
1897,4613661.0,5236.2354
1898,4608717.0,5236.122
1899,4603788.0,5236.014
1900,4598867.0,5235.9014
1901,4593952.0,5235.784
1902,4589050.0,5235.659
1903,4584152.0,5235.534
1904,4579254.0,5235.41
1905,4574354.0,5235.301
1906,4569463.5,5235.1914
1907,4564577.0,5235.083
1908,4559699.0,5234.965
1909,4554836.0,5234.8403
1910,4549976.0,5234.7197
1911,4545126.0,5234.6006
1912,4540281.0,5234.4893
1913,4535437.0,5234.3823
1914,4530600.0,5234.275
1915,4525774.5,5234.1646
1916,4520965.0,5234.0474
1917,4516160.0,5233.922
1918,4511358.5,5233.79
1919,4506565.5,5233.654
1920,4501782.0,5233.5137
1921,4497012.0,5233.369
1922,4492248.0,5233.225
1923,4487488.5,5233.089
1924,4482735.0,5232.956
1925,4477989.0,5232.8115
1926,4473246.0,5232.6646
1927,4468501.5,5232.5205
1928,4463761.0,5232.3804
1929,4459030.5,5232.245
1930,4454297.0,5232.1143
1931,4449571.0,5231.995
1932,4444855.0,5231.883
1933,4440153.0,5231.7734
1934,4435459.0,5231.6665
1935,4430771.0,5231.563
1936,4426090.5,5231.46
1937,4421413.5,5231.3633
1938,4416750.0,5231.2656
1939,4412087.0,5231.169
1940,4407430.0,5231.0703
1941,4402774.5,5230.969
1942,4398124.0,5230.8633
1943,4393486.5,5230.7495
1944,4388865.0,5230.637
1945,4384253.5,5230.519
1946,4379658.0,5230.4053
1947,4375073.5,5230.3003
1948,4370500.5,5230.1934
1949,4365936.5,5230.096
1950,4361380.5,5229.993
1951,4356829.0,5229.8765
1952,4352282.0,5229.76
1953,4347737.0,5229.6294
1954,4343196.0,5229.4824
1955,4338664.5,5229.3325
1956,4334134.0,5229.188
1957,4329612.0,5229.04
1958,4325103.0,5228.882
1959,4320604.0,5228.73
1960,4316107.0,5228.58
1961,4311613.0,5228.4365
1962,4307129.0,5228.2944
1963,4302647.5,5228.161
1964,4298165.0,5228.0483
1965,4293686.5,5227.951
1966,4289208.5,5227.87
1967,4284733.0,5227.785
1968,4280259.5,5227.6973
1969,4275791.5,5227.6104
1970,4271337.0,5227.527
1971,4266895.0,5227.44
1972,4262467.0,5227.3516
1973,4258046.0,5227.258
1974,4253636.5,5227.156
1975,4249234.5,5227.0454
1976,4244831.0,5226.9233
1977,4240433.5,5226.7935
1978,4236042.0,5226.66
1979,4231652.0,5226.524
1980,4227274.0,5226.3823
1981,4222903.5,5226.2466
1982,4218544.5,5226.1143
1983,4214195.0,5225.983
1984,4209855.0,5225.8496
1985,4205528.0,5225.709
1986,4201208.0,5225.5703
1987,4196899.0,5225.4346
1988,4192600.2,5225.299
1989,4188306.5,5225.162
1990,4184019.0,5225.0312
1991,4179732.0,5224.902
1992,4175451.2,5224.773
1993,4171177.2,5224.6455
1994,4166915.5,5224.5244
1995,4162662.8,5224.405
1996,4158418.5,5224.285
1997,4154178.8,5224.172
1998,4149942.5,5224.0645
1999,4145711.0,5223.9536
2000,4141478.5,5223.8477
2001,4137248.5,5223.7407
2002,4133024.0,5223.627
2003,4128806.2,5223.505
2004,4124599.5,5223.3716
2005,4120399.8,5223.2334
2006,4116205.0,5223.0947
2007,4112012.8,5222.9526
2008,4107820.5,5222.8105
2009,4103636.0,5222.665
2010,4099461.8,5222.514
2011,4095293.0,5222.3745
2012,4091128.2,5222.2417
2013,4086972.0,5222.109
2014,4082824.8,5221.9844
2015,4078682.5,5221.87
2016,4074545.2,5221.761
2017,4070411.5,5221.659
2018,4066284.0,5221.559
2019,4062163.0,5221.4546
2020,4058051.5,5221.346
2021,4053947.5,5221.2407
2022,4049846.0,5221.139
2023,4045743.5,5221.044
2024,4041646.0,5220.9556
2025,4037557.5,5220.874
2026,4033479.2,5220.803
2027,4029408.8,5220.7393
2028,4025341.5,5220.6807
2029,4021278.0,5220.6294
2030,4017217.2,5220.591
2031,4013156.0,5220.5674
2032,4009096.5,5220.547
2033,4005048.0,5220.5205
2034,4001008.0,5220.4863
2035,3996975.0,5220.4424
2036,3992947.0,5220.384
2037,3988932.5,5220.313
2038,3984925.0,5220.234
2039,3980921.0,5220.1504
2040,3976924.0,5220.0586
2041,3972930.8,5219.9697
2042,3968947.8,5219.8784
2043,3964972.0,5219.7827
2044,3961005.2,5219.6797
2045,3957043.5,5219.5664
2046,3953087.5,5219.4443
2047,3949132.5,5219.3125
2048,3945180.0,5219.171
2049,3941238.0,5219.0146
2050,3937309.2,5218.8477
2051,3933390.2,5218.671
2052,3929477.2,5218.49
2053,3925567.0,5218.297
2054,3921659.2,5218.1064
2055,3917754.5,5217.914
2056,3913853.0,5217.7188
2057,3909957.5,5217.5264
2058,3906072.5,5217.339
2059,3902195.5,5217.17
2060,3898325.2,5217.018
2061,3894459.0,5216.881
2062,3890596.2,5216.757
2063,3886735.2,5216.632
2064,3882879.0,5216.506
2065,3879029.0,5216.3843
2066,3875186.5,5216.2515
2067,3871357.0,5216.1113
2068,3867538.2,5215.968
2069,3863730.0,5215.8213
2070,3859930.5,5215.676
2071,3856137.0,5215.532
2072,3852348.0,5215.3955
2073,3848567.0,5215.2617
2074,3844788.0,5215.127
2075,3841009.5,5215.004
2076,3837237.5,5214.8887
2077,3833474.0,5214.7705
2078,3829713.2,5214.6455
2079,3825960.2,5214.5244
2080,3822211.5,5214.4033
2081,3818465.5,5214.2812
2082,3814720.0,5214.163
2083,3810978.8,5214.042
2084,3807240.0,5213.922
2085,3803513.5,5213.798
2086,3799796.5,5213.668
2087,3796082.0,5213.5283
2088,3792369.2,5213.3867
2089,3788663.5,5213.252
2090,3784964.5,5213.1143
2091,3781270.2,5212.9736
2092,3777582.5,5212.818
2093,3773902.5,5212.657
2094,3770229.2,5212.484
2095,3766561.0,5212.3
2096,3762898.5,5212.1143
2097,3759238.5,5211.93
2098,3755574.5,5211.757
2099,3751917.5,5211.5913
2100,3748265.5,5211.4346
2101,3744623.8,5211.2783
2102,3740991.0,5211.1304
2103,3737367.5,5210.9854
2104,3733745.0,5210.837
2105,3730126.2,5210.695
2106,3726515.0,5210.554
2107,3722904.2,5210.4043
2108,3719303.0,5210.2437
2109,3715709.0,5210.0825
2110,3712116.0,5209.926
2111,3708523.0,5209.77
2112,3704926.0,5209.625
2113,3701328.5,5209.4834
2114,3697731.5,5209.3467
2115,3694141.5,5209.215
2116,3690558.5,5209.09
2117,3686980.5,5208.9683
2118,3683406.8,5208.8496
2119,3679831.8,5208.742
2120,3676260.0,5208.633
2121,3672689.2,5208.524
2122,3669127.0,5208.416
2123,3665577.0,5208.306
2124,3662041.5,5208.1895
2125,3658516.0,5208.071
2126,3654997.0,5207.9443
2127,3651483.2,5207.8145
2128,3647975.8,5207.6777
2129,3644476.0,5207.536
2130,3640981.0,5207.3936
2131,3637492.0,5207.2334
2132,3634005.5,5207.0557
2133,3630524.5,5206.8574
2134,3627049.5,5206.645
2135,3623578.5,5206.427
2136,3620115.0,5206.2046
2137,3616655.0,5205.996
2138,3613197.8,5205.8027
2139,3609743.0,5205.618
2140,3606290.8,5205.4365
2141,3602840.5,5205.252
2142,3599397.5,5205.0645
2143,3595958.0,5204.8647
2144,3592522.0,5204.659
2145,3589088.2,5204.45
2146,3585658.8,5204.248
2147,3582231.2,5204.0557
2148,3578804.5,5203.8716
2149,3575380.5,5203.6943
2150,3571953.0,5203.521
2151,3568528.5,5203.3438
2152,3565113.0,5203.162
2153,3561701.0,5202.9766
2154,3558303.0,5202.7886
2155,3554916.0,5202.591
2156,3551539.5,5202.3877
2157,3548164.0,5202.1787
2158,3544790.5,5201.9736
2159,3541421.0,5201.7764
2160,3538062.0,5201.584
2161,3534709.0,5201.3936
2162,3531356.5,5201.206
2163,3528006.2,5201.021
2164,3524657.5,5200.835
2165,3521311.8,5200.65
2166,3517969.0,5200.4688
2167,3514630.0,5200.284
2168,3511298.0,5200.0967
2169,3507969.5,5199.9004
2170,3504649.5,5199.6914
2171,3501337.0,5199.479
2172,3498029.0,5199.262
2173,3494725.5,5199.042
2174,3491426.0,5198.827
2175,3488130.5,5198.625
2176,3484841.0,5198.4336
2177,3481554.0,5198.2607
2178,3478265.0,5198.1055
2179,3474980.0,5197.963
2180,3471696.0,5197.827
2181,3468411.8,5197.7007
2182,3465125.2,5197.5874
2183,3461838.2,5197.4824
2184,3458559.5,5197.377
2185,3455284.5,5197.2686
2186,3452008.2,5197.1577
2187,3448737.0,5197.048
2188,3445470.8,5196.93
2189,3442210.0,5196.803
2190,3438955.0,5196.6714
2191,3435705.0,5196.534
2192,3432460.0,5196.3984
2193,3429221.0,5196.2627
2194,3425985.5,5196.1304
2195,3422756.2,5195.997
2196,3419535.8,5195.8545
2197,3416321.0,5195.7036
2198,3413112.0,5195.549
2199,3409908.0,5195.3936
2200,3406704.5,5195.2383
2201,3403502.2,5195.089
2202,3400305.5,5194.9463
2203,3397112.2,5194.8
2204,3393925.0,5194.6504
2205,3390740.0,5194.502
2206,3387559.8,5194.354
2207,3384380.5,5194.2056
2208,3381208.8,5194.0586
2209,3378041.5,5193.913
2210,3374880.5,5193.765
2211,3371724.0,5193.6133
2212,3368571.0,5193.456
2213,3365425.0,5193.3
2214,3362278.0,5193.143
2215,3359138.0,5192.993
2216,3356002.0,5192.843
2217,3352874.8,5192.6934
2218,3349749.5,5192.546
2219,3346625.0,5192.405
2220,3343504.2,5192.2686
2221,3340389.0,5192.135
2222,3337281.5,5192.004
2223,3334182.0,5191.87
2224,3331084.0,5191.74
2225,3327992.0,5191.6064
2226,3324903.8,5191.4663
2227,3321823.0,5191.3135
2228,3318746.5,5191.1514
2229,3315671.5,5190.9814
2230,3312598.5,5190.801
2231,3309525.8,5190.6206
2232,3306455.5,5190.4414
2233,3303383.5,5190.2725
2234,3300309.0,5190.1055
2235,3297235.2,5189.945
2236,3294157.0,5189.791
2237,3291079.2,5189.638
2238,3288005.5,5189.4854
2239,3284938.8,5189.33
2240,3281877.0,5189.1655
2241,3278822.0,5188.987
2242,3275773.5,5188.799
2243,3272732.0,5188.6025
2244,3269692.5,5188.406
2245,3266654.5,5188.2056
2246,3263617.8,5188.0093
2247,3260580.0,5187.8193
2248,3257547.5,5187.631
2249,3254520.2,5187.4375
2250,3251499.8,5187.2373
2251,3248482.8,5187.03
2252,3245472.0,5186.8115
2253,3242462.0,5186.591
2254,3239457.5,5186.3696
2255,3236457.5,5186.148
2256,3233463.0,5185.917
2257,3230475.8,5185.678
2258,3227495.0,5185.437
2259,3224519.5,5185.188
2260,3221549.8,5184.9375
2261,3218581.0,5184.6885
2262,3215612.2,5184.4487
2263,3212644.0,5184.217
2264,3209673.0,5183.9893
2265,3206705.0,5183.762
2266,3203739.0,5183.5303
2267,3200770.2,5183.3013
2268,3197801.0,5183.0723
2269,3194830.0,5182.842
2270,3191862.0,5182.618
2271,3188896.2,5182.4033
2272,3185934.5,5182.1953
2273,3182979.5,5181.993
2274,3180028.5,5181.795
2275,3177082.8,5181.6035
2276,3174138.5,5181.417
2277,3171197.8,5181.2334
2278,3168260.5,5181.047
2279,3165330.0,5180.8555
2280,3162404.0,5180.6606
2281,3159481.5,5180.465
2282,3156565.0,5180.2705
2283,3153655.0,5180.075
2284,3150751.5,5179.8896
2285,3147854.5,5179.7085
2286,3144956.5,5179.5312
2287,3142062.8,5179.3594
2288,3139170.5,5179.187
2289,3136277.2,5179.016
2290,3133383.2,5178.8457
2291,3130493.5,5178.677
2292,3127605.5,5178.5127
2293,3124718.5,5178.355
2294,3121831.8,5178.201
2295,3118948.8,5178.044
2296,3116073.2,5177.883
2297,3113203.0,5177.7163
2298,3110335.5,5177.544
2299,3107474.2,5177.3623
2300,3104615.5,5177.176
2301,3101758.5,5176.995
2302,3098900.0,5176.824
2303,3096045.5,5176.661
2304,3093195.5,5176.4946
2305,3090348.5,5176.323
2306,3087506.0,5176.1484
2307,3084666.0,5175.973
2308,3081829.0,5175.797
2309,3078992.2,5175.628
2310,3076156.5,5175.4634
2311,3073319.5,5175.296
2312,3070485.5,5175.1167
2313,3067654.8,5174.93
2314,3064821.8,5174.7407
2315,3061992.5,5174.552
2316,3059168.0,5174.368
2317,3056346.0,5174.1885
2318,3053527.5,5174.0127
2319,3050714.5,5173.8394
2320,3047907.0,5173.673
2321,3045101.5,5173.507
2322,3042296.2,5173.34
2323,3039493.0,5173.163
2324,3036692.0,5172.9746
2325,3033890.5,5172.7754
2326,3031092.0,5172.5723
2327,3028298.0,5172.3716
2328,3025510.0,5172.166
2329,3022721.0,5171.959
2330,3019936.5,5171.743
2331,3017153.0,5171.526
2332,3014371.8,5171.3037
2333,3011591.5,5171.084
2334,3008818.0,5170.8657
2335,3006049.8,5170.6543
2336,3003281.8,5170.449
2337,3000514.0,5170.255
2338,2997750.8,5170.0684
2339,2994985.8,5169.889
2340,2992224.0,5169.705
2341,2989468.8,5169.51
2342,2986714.0,5169.308
2343,2983960.5,5169.109
2344,2981207.0,5168.918
2345,2978454.8,5168.7334
2346,2975701.5,5168.5664
2347,2972946.0,5168.412
2348,2970193.0,5168.267
2349,2967444.5,5168.13
2350,2964699.5,5167.9966
2351,2961957.8,5167.866
2352,2959218.0,5167.7324
2353,2956478.0,5167.6006
2354,2953739.8,5167.4697
2355,2951002.8,5167.34
2356,2948271.0,5167.2114
2357,2945547.0,5167.079
2358,2942822.5,5166.95
2359,2940100.2,5166.8223
2360,2937381.5,5166.6978
2361,2934669.0,5166.5723
2362,2931961.0,5166.445
2363,2929258.0,5166.3154
2364,2926560.0,5166.1807
2365,2923865.0,5166.0396
2366,2921170.0,5165.895
2367,2918478.5,5165.747
2368,2915796.0,5165.601
2369,2913117.8,5165.4575
2370,2910439.5,5165.319
2371,2907761.0,5165.1875
2372,2905081.5,5165.067
2373,2902405.2,5164.962
2374,2899735.0,5164.8574
2375,2897066.5,5164.7485
2376,2894399.2,5164.6284
2377,2891733.2,5164.4985
2378,2889066.2,5164.3447
2379,2886401.8,5164.17
2380,2883740.5,5163.9746
2381,2881084.2,5163.7666
2382,2878429.5,5163.5483
2383,2875779.8,5163.3184
2384,2873135.0,5163.094
2385,2870488.2,5162.879
2386,2867837.5,5162.6743
2387,2865188.0,5162.4805
2388,2862543.0,5162.289
2389,2859903.8,5162.096
2390,2857268.0,5161.8994
2391,2854632.2,5161.706
2392,2851999.2,5161.5083
2393,2849371.2,5161.3037
2394,2846745.0,5161.0923
2395,2844120.0,5160.8735
2396,2841505.5,5160.6426
2397,2838896.2,5160.407
2398,2836292.2,5160.1797
2399,2833695.0,5159.951
2400,2831101.5,5159.731
2401,2828509.0,5159.511
2402,2825920.8,5159.295
2403,2823337.0,5159.0713
2404,2820760.8,5158.8394
2405,2818197.0,5158.603
2406,2815634.8,5158.368
2407,2813077.5,5158.1367
2408,2810524.5,5157.91
2409,2807978.5,5157.6924
2410,2805435.5,5157.477
2411,2802891.8,5157.2627
2412,2800350.0,5157.051
2413,2797813.5,5156.8525
2414,2795281.0,5156.658
2415,2792748.5,5156.4746
2416,2790221.0,5156.294
2417,2787699.8,5156.121
2418,2785182.2,5155.959
2419,2782668.5,5155.8096
2420,2780160.2,5155.666
2421,2777654.5,5155.5312
2422,2775153.2,5155.3896
2423,2772657.0,5155.245
2424,2770164.5,5155.1
2425,2767674.5,5154.952
2426,2765191.8,5154.792
2427,2762712.0,5154.632
2428,2760235.2,5154.4688
2429,2757758.0,5154.3086
2430,2755281.2,5154.16
2431,2752802.2,5154.0215
2432,2750323.5,5153.8877
2433,2747846.0,5153.7617
2434,2745370.5,5153.6514
2435,2742894.0,5153.5483
2436,2740411.0,5153.459
2437,2737928.5,5153.3735
2438,2735444.5,5153.285
2439,2732967.5,5153.192
2440,2730493.5,5153.085
2441,2728023.0,5152.964
2442,2725559.5,5152.834
2443,2723101.8,5152.6934
2444,2720651.8,5152.544
2445,2718207.2,5152.379
2446,2715769.5,5152.2085
2447,2713339.2,5152.0264
2448,2710914.5,5151.831
2449,2708494.2,5151.6235
2450,2706077.0,5151.402
2451,2703663.0,5151.1694
2452,2701252.0,5150.9336
2453,2698842.0,5150.705
2454,2696436.8,5150.4795
2455,2694033.0,5150.259
2456,2691628.5,5150.038
2457,2689224.0,5149.821
2458,2686823.8,5149.6016
2459,2684427.5,5149.385
2460,2682037.5,5149.175
2461,2679649.8,5148.9766
2462,2677264.5,5148.797
2463,2674878.5,5148.6245
2464,2672491.8,5148.457
2465,2670106.5,5148.288
2466,2667723.2,5148.115
2467,2665341.5,5147.9414
2468,2662961.5,5147.7646
2469,2660580.0,5147.593
2470,2658198.2,5147.43
2471,2655815.0,5147.284
2472,2653428.5,5147.135
2473,2651041.8,5146.9854
2474,2648659.5,5146.83
2475,2646281.0,5146.6704
2476,2643908.5,5146.507
2477,2641536.5,5146.343
2478,2639164.2,5146.174
2479,2636791.0,5146.014
2480,2634417.8,5145.8623
2481,2632048.5,5145.717
2482,2629687.5,5145.574
2483,2627330.0,5145.428
2484,2624974.0,5145.286
2485,2622615.5,5145.1494
2486,2620256.2,5145.0244
2487,2617903.8,5144.9062
2488,2615551.8,5144.8066
2489,2613201.8,5144.7197
2490,2610855.2,5144.631
2491,2608511.5,5144.532
2492,2606169.5,5144.413
2493,2603834.0,5144.2705
2494,2601500.8,5144.1143
2495,2599173.5,5143.9526
2496,2596853.5,5143.792
2497,2594535.5,5143.637
2498,2592220.2,5143.4863
2499,2589903.0,5143.3467
2500,2587591.0,5143.215
2501,2585288.0,5143.0845
2502,2582989.5,5142.954
2503,2580694.5,5142.8286
2504,2578406.0,5142.698
2505,2576121.2,5142.5615
2506,2573839.8,5142.416
2507,2571559.2,5142.2637
2508,2569280.8,5142.1064
2509,2567008.8,5141.9385
2510,2564744.5,5141.758
2511,2562486.0,5141.5674
2512,2560233.5,5141.369
2513,2557981.8,5141.166
2514,2555730.5,5140.962
2515,2553485.2,5140.742
2516,2551244.0,5140.504
2517,2549008.0,5140.242
2518,2546783.0,5139.963
2519,2544563.0,5139.672
2520,2542346.8,5139.3735
2521,2540134.2,5139.0864
2522,2537927.0,5138.81
2523,2535724.0,5138.54
2524,2533525.5,5138.283
2525,2531329.8,5138.0303
2526,2529138.5,5137.774
2527,2526950.8,5137.509
2528,2524764.5,5137.25
2529,2522582.5,5136.997
2530,2520401.5,5136.751
2531,2518222.2,5136.504
2532,2516046.5,5136.2603
2533,2513875.0,5136.01
2534,2511705.2,5135.7534
2535,2509539.5,5135.502
2536,2507376.0,5135.2607
2537,2505216.5,5135.028
2538,2503059.5,5134.798
2539,2500907.5,5134.5723
2540,2498759.2,5134.3457
2541,2496612.8,5134.1133
2542,2494468.0,5133.874
2543,2492326.0,5133.6294
2544,2490187.5,5133.381
2545,2488053.5,5133.132
2546,2485922.0,5132.8853
2547,2483796.0,5132.6426
2548,2481678.0,5132.408
2549,2479565.5,5132.1816
2550,2477460.5,5131.9565
2551,2475363.2,5131.741
2552,2473270.2,5131.534
2553,2471177.0,5131.3345
2554,2469081.5,5131.144
2555,2466985.5,5130.9473
2556,2464894.5,5130.7427
2557,2462808.5,5130.532
2558,2460723.2,5130.326
2559,2458638.0,5130.128
2560,2456551.0,5129.935
2561,2454466.5,5129.746
2562,2452387.0,5129.5664
2563,2450310.2,5129.3877
2564,2448238.0,5129.21
2565,2446166.0,5129.039
2566,2444097.8,5128.869
2567,2442037.0,5128.705
2568,2439981.5,5128.541
2569,2437926.5,5128.379
2570,2435874.0,5128.2173
2571,2433827.2,5128.048
2572,2431784.8,5127.867
2573,2429745.2,5127.6753
2574,2427707.5,5127.482
2575,2425674.5,5127.2856
2576,2423644.5,5127.091
2577,2421618.0,5126.8955
2578,2419599.0,5126.704
2579,2417584.5,5126.5166
2580,2415576.2,5126.326
2581,2413571.0,5126.1367
2582,2411567.5,5125.952
2583,2409568.5,5125.774
2584,2407566.5,5125.603
2585,2405562.2,5125.4336
2586,2403558.5,5125.2666
2587,2401555.2,5125.097
2588,2399554.2,5124.927
2589,2397553.2,5124.7563
2590,2395554.8,5124.5806
2591,2393561.0,5124.4087
2592,2391574.0,5124.2334
2593,2389594.0,5124.0527
2594,2387617.8,5123.865
2595,2385646.8,5123.676
2596,2383677.0,5123.4785
2597,2381709.5,5123.271
2598,2379746.5,5123.0513
2599,2377786.8,5122.827
2600,2375834.2,5122.5938
2601,2373883.0,5122.353
2602,2371935.5,5122.1094
2603,2369992.5,5121.859
2604,2368052.5,5121.6143
2605,2366115.2,5121.375
2606,2364181.0,5121.136
2607,2362253.8,5120.9014
2608,2360331.5,5120.669
2609,2358408.5,5120.4473
2610,2356491.5,5120.2305
2611,2354580.5,5120.0166
2612,2352672.5,5119.8027
2613,2350767.0,5119.5894
2614,2348866.0,5119.368
2615,2346972.5,5119.142
2616,2345087.8,5118.912
2617,2343208.8,5118.6763
2618,2341334.0,5118.4346
2619,2339466.0,5118.2
2620,2337601.0,5117.964
2621,2335742.5,5117.7207
2622,2333892.0,5117.46
2623,2332047.2,5117.1934
2624,2330206.2,5116.9326
2625,2328367.8,5116.681
2626,2326528.8,5116.4424
2627,2324688.0,5116.2188
2628,2322845.8,5116.014
2629,2321008.0,5115.827
2630,2319176.2,5115.652
2631,2317347.0,5115.49
2632,2315521.0,5115.335
2633,2313697.5,5115.1904
2634,2311874.2,5115.051
2635,2310051.0,5114.915
2636,2308228.0,5114.7847
2637,2306408.0,5114.6553
2638,2304591.5,5114.5264
2639,2302779.0,5114.385
2640,2300973.0,5114.223
2641,2299171.0,5114.0483
2642,2297373.2,5113.865
2643,2295579.0,5113.673
2644,2293786.8,5113.4775
2645,2292002.5,5113.28
2646,2290222.0,5113.089
2647,2288447.0,5112.907
2648,2286678.0,5112.7383
2649,2284910.8,5112.574
2650,2283146.0,5112.418
2651,2281382.0,5112.2695
2652,2279622.0,5112.131
2653,2277866.0,5111.997
2654,2276110.5,5111.866
2655,2274359.5,5111.7373
2656,2272610.0,5111.6104
2657,2270859.0,5111.4785
2658,2269109.2,5111.338
2659,2267361.0,5111.1943
2660,2265616.0,5111.045
2661,2263872.8,5110.89
2662,2262133.5,5110.725
2663,2260399.0,5110.552
2664,2258665.2,5110.3667
2665,2256937.5,5110.173
2666,2255212.0,5109.9717
2667,2253490.5,5109.7637
2668,2251770.0,5109.55
2669,2250050.0,5109.3315
2670,2248333.2,5109.12
2671,2246618.5,5108.916
2672,2244906.0,5108.708
2673,2243198.2,5108.494
2674,2241492.5,5108.273
2675,2239790.8,5108.046
2676,2238090.8,5107.823
2677,2236393.5,5107.6016
2678,2234700.0,5107.3823
2679,2233011.2,5107.162
2680,2231327.8,5106.9326
2681,2229650.0,5106.6855
2682,2227977.5,5106.425
2683,2226307.0,5106.154
2684,2224637.5,5105.879
2685,2222971.8,5105.597
2686,2221310.0,5105.3154
2687,2219650.5,5105.0415
2688,2217994.0,5104.779
2689,2216340.0,5104.5195
2690,2214685.0,5104.2583
2691,2213031.0,5103.995
2692,2211379.8,5103.733
2693,2209730.5,5103.4766
2694,2208084.5,5103.23
2695,2206442.2,5102.988
2696,2204804.2,5102.751
2697,2203167.0,5102.515
2698,2201532.0,5102.2837
2699,2199897.8,5102.0576
2700,2198262.8,5101.8325
2701,2196633.0,5101.616
2702,2195003.5,5101.4033
2703,2193372.5,5101.1914
2704,2191745.5,5100.9688
2705,2190122.0,5100.7363
2706,2188499.8,5100.501
2707,2186880.8,5100.2695
2708,2185264.5,5100.0483
2709,2183653.8,5099.8394
2710,2182044.0,5099.6562
2711,2180436.5,5099.489
2712,2178832.0,5099.326
2713,2177228.5,5099.17
2714,2175629.0,5099.0166
2715,2174033.5,5098.8545
2716,2172443.8,5098.6797
2717,2170858.5,5098.498
2718,2169276.2,5098.3184
2719,2167696.2,5098.1377
2720,2166118.0,5097.966
2721,2164542.5,5097.804
2722,2162966.2,5097.656
2723,2161389.0,5097.5156
2724,2159810.8,5097.3774
2725,2158235.8,5097.2354
2726,2156664.5,5097.09
2727,2155093.0,5096.9414
2728,2153527.0,5096.7876
2729,2151965.0,5096.626
2730,2150406.0,5096.461
2731,2148847.0,5096.302
2732,2147289.5,5096.1406
2733,2145733.8,5095.977
2734,2144182.0,5095.814
2735,2142634.5,5095.646
2736,2141090.8,5095.4717
2737,2139550.0,5095.2964
2738,2138013.2,5095.125
2739,2136480.5,5094.9673
2740,2134951.5,5094.807
2741,2133427.2,5094.6475
2742,2131907.5,5094.487
2743,2130392.5,5094.32
2744,2128880.5,5094.149
2745,2127372.5,5093.9785
2746,2125866.0,5093.8057
2747,2124361.2,5093.6245
2748,2122858.5,5093.4375
2749,2121357.0,5093.242
2750,2119859.2,5093.0386
2751,2118365.8,5092.831
2752,2116873.0,5092.632
2753,2115383.5,5092.4385
2754,2113895.0,5092.253
2755,2112408.8,5092.079
2756,2110923.5,5091.919
2757,2109440.5,5091.7725
2758,2107957.5,5091.6455
2759,2106477.0,5091.53
2760,2104999.8,5091.415
2761,2103524.0,5091.302
2762,2102051.2,5091.181
2763,2100582.5,5091.055
2764,2099120.0,5090.9224
2765,2097659.0,5090.784
2766,2096199.8,5090.6475
2767,2094743.8,5090.515
2768,2093290.6,5090.384
2769,2091840.5,5090.2593
2770,2090393.2,5090.136
2771,2088948.6,5090.0107
2772,2087506.8,5089.8794
2773,2086067.1,5089.738
2774,2084629.4,5089.583
2775,2083196.2,5089.413
2776,2081767.0,5089.2285
2777,2080340.2,5089.036
2778,2078915.5,5088.835
2779,2077493.1,5088.6265
2780,2076072.6,5088.422
2781,2074656.4,5088.2197
2782,2073241.0,5088.0264
2783,2071827.0,5087.8486
2784,2070414.4,5087.6865
2785,2069001.5,5087.5312
2786,2067589.6,5087.378
2787,2066179.8,5087.222
2788,2064775.2,5087.0566
2789,2063373.0,5086.885
2790,2061976.1,5086.7036
2791,2060582.2,5086.5166
2792,2059189.6,5086.3296
2793,2057799.6,5086.1436
2794,2056412.5,5085.957
2795,2055026.8,5085.777
2796,2053639.5,5085.607
2797,2052251.6,5085.4443
2798,2050863.1,5085.2847
2799,2049475.2,5085.13
2800,2048092.0,5084.97
2801,2046712.5,5084.8
2802,2045335.0,5084.623
2803,2043963.5,5084.4414
2804,2042592.5,5084.256
2805,2041222.2,5084.0703
2806,2039852.2,5083.8823
2807,2038483.5,5083.684
2808,2037119.8,5083.468
2809,2035760.8,5083.24
2810,2034403.4,5083.002
2811,2033049.2,5082.754
2812,2031697.2,5082.5024
2813,2030348.4,5082.258
2814,2029002.8,5082.0254
2815,2027658.0,5081.811
2816,2026313.0,5081.6094
2817,2024970.0,5081.416
2818,2023628.4,5081.2305
2819,2022286.6,5081.0537
2820,2020946.9,5080.88
2821,2019608.2,5080.715
2822,2018272.0,5080.5537
2823,2016935.0,5080.3936
2824,2015601.5,5080.236
2825,2014271.4,5080.0757
2826,2012942.5,5079.915
2827,2011615.2,5079.751
2828,2010292.0,5079.585
2829,2008971.0,5079.4253
2830,2007653.9,5079.2656
2831,2006341.5,5079.0977
2832,2005033.5,5078.924
2833,2003726.8,5078.7427
2834,2002422.4,5078.5527
2835,2001120.5,5078.3535
2836,1999820.5,5078.1455
2837,1998521.9,5077.935
2838,1997224.2,5077.7236
2839,1995927.2,5077.5176
2840,1994632.5,5077.313
2841,1993340.5,5077.111
2842,1992051.2,5076.9136
2843,1990761.2,5076.7256
2844,1989470.0,5076.5435
2845,1988180.1,5076.3633
2846,1986894.4,5076.1855
2847,1985611.6,5076.0117
2848,1984330.4,5075.835
2849,1983051.0,5075.658
2850,1981773.9,5075.4805
2851,1980499.0,5075.3105
2852,1979225.0,5075.152
2853,1977953.9,5075.005
2854,1976684.8,5074.866
2855,1975417.5,5074.73
2856,1974155.0,5074.5864
2857,1972897.8,5074.428
2858,1971644.0,5074.259
2859,1970391.2,5074.081
2860,1969141.5,5073.901
2861,1967895.5,5073.72
2862,1966651.5,5073.544
2863,1965407.5,5073.372
2864,1964164.2,5073.2124
2865,1962921.9,5073.0576
2866,1961681.8,5072.906
2867,1960444.0,5072.759
2868,1959208.8,5072.6143
2869,1957977.8,5072.463
2870,1956749.4,5072.302
2871,1955526.2,5072.122
2872,1954304.5,5071.928
2873,1953082.6,5071.728
2874,1951861.1,5071.527
2875,1950640.5,5071.331
2876,1949421.1,5071.1406
2877,1948202.5,5070.957
2878,1946985.9,5070.775
2879,1945771.5,5070.5947
2880,1944559.5,5070.4233
2881,1943347.2,5070.2627
2882,1942137.5,5070.112
2883,1940930.0,5069.969
2884,1939724.8,5069.823
2885,1938522.2,5069.675
2886,1937322.8,5069.52
2887,1936126.1,5069.362
2888,1934931.6,5069.205
2889,1933740.4,5069.054
2890,1932551.5,5068.909
2891,1931365.6,5068.7666
2892,1930181.9,5068.616
2893,1929000.8,5068.4595
2894,1927821.5,5068.2974
2895,1926644.5,5068.1357
2896,1925468.8,5067.9736
2897,1924294.2,5067.8145
2898,1923118.1,5067.6562
2899,1921943.2,5067.497
2900,1920770.0,5067.3394
2901,1919600.8,5067.193
2902,1918432.5,5067.0522
2903,1917264.0,5066.918
2904,1916097.8,5066.7856
2905,1914934.2,5066.6494
2906,1913772.8,5066.509
2907,1912615.6,5066.367
2908,1911460.5,5066.214
2909,1910307.0,5066.0527
2910,1909152.5,5065.8867
2911,1908000.5,5065.7197
2912,1906851.6,5065.5527
2913,1905705.5,5065.384
2914,1904562.4,5065.214
2915,1903420.6,5065.0425
2916,1902280.2,5064.8755
2917,1901139.8,5064.71
2918,1900000.6,5064.5464
2919,1898862.4,5064.382
2920,1897723.6,5064.215
2921,1896585.1,5064.052
2922,1895447.6,5063.8945
2923,1894311.1,5063.74
2924,1893173.6,5063.588
2925,1892036.5,5063.436
2926,1890901.8,5063.2764
2927,1889769.9,5063.107
2928,1888640.1,5062.9297
2929,1887513.0,5062.745
2930,1886388.5,5062.5537
2931,1885266.9,5062.36
2932,1884146.0,5062.166
2933,1883027.5,5061.979
2934,1881908.5,5061.7974
2935,1880789.8,5061.618
2936,1879671.6,5061.4434
2937,1878555.1,5061.2686
2938,1877441.0,5061.092
2939,1876329.5,5060.909
2940,1875222.4,5060.71
2941,1874118.0,5060.497
2942,1873015.2,5060.278
2943,1871915.0,5060.056
2944,1870815.9,5059.843
2945,1869717.6,5059.6387
2946,1868618.6,5059.4395
2947,1867518.2,5059.241
2948,1866417.8,5059.0376
2949,1865320.2,5058.8223
2950,1864225.8,5058.598
2951,1863133.0,5058.366
2952,1862041.5,5058.129
2953,1860951.0,5057.8867
2954,1859861.0,5057.6396
2955,1858771.1,5057.3916
2956,1857683.2,5057.1465
2957,1856596.9,5056.914
2958,1855513.0,5056.695
2959,1854430.4,5056.489
2960,1853347.9,5056.298
2961,1852265.2,5056.1143
2962,1851183.2,5055.9326
2963,1850100.9,5055.7563
2964,1849018.0,5055.588
2965,1847937.5,5055.425
2966,1846859.1,5055.2617
2967,1845781.2,5055.093
2968,1844706.1,5054.9136
2969,1843633.0,5054.7188
2970,1842560.2,5054.515
2971,1841488.2,5054.3105
2972,1840416.9,5054.114
2973,1839345.0,5053.9277
2974,1838275.4,5053.745
2975,1837206.0,5053.5674
2976,1836137.2,5053.3916
2977,1835069.8,5053.2197
2978,1834003.8,5053.052
2979,1832940.4,5052.8853
2980,1831879.6,5052.715
2981,1830821.0,5052.5303
2982,1829764.8,5052.327
2983,1828709.2,5052.11
2984,1827655.9,5051.8857
2985,1826605.2,5051.666
2986,1825554.6,5051.457
2987,1824504.2,5051.26
2988,1823454.8,5051.0723
2989,1822407.0,5050.8887
2990,1821358.2,5050.7085
2991,1820308.4,5050.533
2992,1819260.9,5050.3613
2993,1818214.9,5050.1934
2994,1817167.9,5050.026
2995,1816122.6,5049.8594
2996,1815078.9,5049.6875
2997,1814038.8,5049.5127
2998,1813000.6,5049.3384
2999,1811963.1,5049.172
3000,1810924.8,5049.0137
3001,1809887.0,5048.8643
3002,1808849.5,5048.7236
3003,1807813.2,5048.589
3004,1806778.9,5048.453
3005,1805747.2,5048.3174
3006,1804717.9,5048.18
3007,1803690.6,5048.039
3008,1802667.0,5047.8887
3009,1801645.0,5047.7314
3010,1800624.5,5047.5693
3011,1799603.8,5047.407
3012,1798583.2,5047.249
3013,1797563.8,5047.0986
3014,1796544.4,5046.965
3015,1795524.0,5046.845
3016,1794504.0,5046.7407
3017,1793485.5,5046.6514
3018,1792468.8,5046.5703
3019,1791452.6,5046.489
3020,1790436.8,5046.404
3021,1789423.0,5046.3193
3022,1788409.8,5046.236
3023,1787396.1,5046.157
3024,1786383.0,5046.0728
3025,1785373.2,5045.9805
3026,1784366.2,5045.883
3027,1783361.5,5045.7783
3028,1782358.8,5045.668
3029,1781356.6,5045.5576
3030,1780356.6,5045.448
3031,1779357.2,5045.341
3032,1778358.5,5045.237
3033,1777361.2,5045.133
3034,1776365.6,5045.0264
3035,1775371.0,5044.916
3036,1774377.5,5044.7993
3037,1773384.5,5044.677
3038,1772390.2,5044.5474
3039,1771397.0,5044.413
3040,1770406.0,5044.268
3041,1769415.5,5044.112
3042,1768425.2,5043.9526
3043,1767436.5,5043.797
3044,1766449.1,5043.6484
3045,1765460.5,5043.516
3046,1764471.2,5043.3965
3047,1763482.8,5043.2803
3048,1762494.4,5043.1587
3049,1761507.0,5043.0273
3050,1760520.8,5042.885
3051,1759536.4,5042.7285
3052,1758554.5,5042.5664
3053,1757575.0,5042.4
3054,1756594.8,5042.234
3055,1755617.8,5042.0703
3056,1754644.1,5041.907
3057,1753671.5,5041.746
3058,1752697.9,5041.5913
3059,1751724.9,5041.444
3060,1750751.0,5041.309
3061,1749778.5,5041.1743
3062,1748806.2,5041.04
3063,1747837.2,5040.898
3064,1746871.5,5040.747
3065,1745906.8,5040.5957
3066,1744944.5,5040.45
3067,1743983.0,5040.312
3068,1743022.9,5040.177
3069,1742063.0,5040.042
3070,1741102.5,5039.8994
3071,1740144.4,5039.7476
3072,1739187.5,5039.59
3073,1738231.9,5039.43
3074,1737276.1,5039.2725
3075,1736320.5,5039.1133
3076,1735367.0,5038.9487
3077,1734416.5,5038.77
3078,1733468.6,5038.578
3079,1732524.0,5038.381
3080,1731580.2,5038.189
3081,1730635.5,5038.0063
3082,1729689.4,5037.8335
3083,1728743.0,5037.6665
3084,1727795.8,5037.5024
3085,1726849.6,5037.3413
3086,1725904.4,5037.1807
3087,1724961.9,5037.0225
3088,1724021.8,5036.8623
3089,1723082.1,5036.706
3090,1722143.8,5036.547
3091,1721205.4,5036.388
3092,1720267.2,5036.2236
3093,1719330.8,5036.0547
3094,1718397.2,5035.8823
3095,1717467.1,5035.7036
3096,1716538.2,5035.5176
3097,1715610.5,5035.3213
3098,1714684.4,5035.116
3099,1713761.1,5034.899
3100,1712840.5,5034.676
3101,1711919.9,5034.4536
3102,1711000.9,5034.23
3103,1710082.1,5034.009
3104,1709163.2,5033.7856
3105,1708246.1,5033.5566
3106,1707332.2,5033.3193
3107,1706420.8,5033.079
3108,1705509.5,5032.8438
3109,1704599.4,5032.619
3110,1703688.5,5032.4116
3111,1702777.5,5032.2144
3112,1701866.2,5032.017
3113,1700954.2,5031.82
3114,1700045.0,5031.616
3115,1699137.5,5031.4067
3116,1698230.2,5031.1934
3117,1697324.8,5030.9785
3118,1696421.2,5030.7646
3119,1695520.5,5030.5566
3120,1694619.8,5030.3496
3121,1693720.6,5030.1455
3122,1692821.1,5029.9414
3123,1691919.9,5029.7437
3124,1691019.0,5029.5522
3125,1690118.2,5029.3667
3126,1689216.5,5029.178
3127,1688314.8,5028.985
3128,1687413.5,5028.782
3129,1686513.5,5028.5693
3130,1685615.0,5028.3496
3131,1684717.8,5028.13
3132,1683821.0,5027.912
3133,1682925.8,5027.693
3134,1682031.4,5027.471
3135,1681138.0,5027.248
3136,1680247.0,5027.0225
3137,1679357.6,5026.7993
3138,1678468.0,5026.579
3139,1677578.9,5026.362
3140,1676691.0,5026.1484
3141,1675805.6,5025.9355
3142,1674922.2,5025.7183
3143,1674041.2,5025.5
3144,1673161.2,5025.2793
3145,1672281.8,5025.0684
3146,1671403.2,5024.871
3147,1670522.5,5024.6875
3148,1669639.8,5024.5127
3149,1668757.2,5024.3457
3150,1667875.1,5024.1836
3151,1666994.5,5024.031
3152,1666114.8,5023.885
3153,1665235.9,5023.7407
3154,1664359.0,5023.5933
3155,1663484.8,5023.4404
3156,1662614.1,5023.2856
3157,1661744.9,5023.124
3158,1660877.0,5022.96
3159,1660010.4,5022.792
3160,1659143.5,5022.617
3161,1658278.8,5022.434
3162,1657416.1,5022.2456
3163,1656554.4,5022.0566
3164,1655696.8,5021.8687
3165,1654840.2,5021.686
3166,1653985.8,5021.502
3167,1653133.0,5021.318
3168,1652283.5,5021.124
3169,1651435.4,5020.9194
3170,1650588.2,5020.706
3171,1649741.0,5020.486
3172,1648894.0,5020.2607
3173,1648048.2,5020.032
3174,1647203.1,5019.801
3175,1646360.5,5019.5664
3176,1645520.2,5019.327
3177,1644681.8,5019.083
3178,1643844.5,5018.836
3179,1643007.6,5018.592
3180,1642169.9,5018.357
3181,1641331.2,5018.13
3182,1640495.1,5017.912
3183,1639658.5,5017.7036
3184,1638823.5,5017.503
3185,1637987.2,5017.3115
3186,1637151.8,5017.122
3187,1636317.9,5016.9316
3188,1635485.0,5016.7354
3189,1634651.9,5016.5303
3190,1633820.5,5016.3145
3191,1632990.0,5016.093
3192,1632160.8,5015.865
3193,1631332.2,5015.6416
3194,1630502.4,5015.4277
3195,1629673.0,5015.2246
3196,1628842.8,5015.034
3197,1628013.1,5014.8516
3198,1627184.0,5014.667
3199,1626356.2,5014.4746
3200,1625530.2,5014.2715
3201,1624705.8,5014.059
3202,1623881.0,5013.843
3203,1623057.6,5013.623
3204,1622236.0,5013.3984
3205,1621417.5,5013.169
3206,1620600.6,5012.9365
3207,1619783.9,5012.709
3208,1618968.2,5012.491
3209,1618153.2,5012.2817
3210,1617340.5,5012.073
3211,1616529.0,5011.8584
3212,1615717.6,5011.6357
3213,1614906.8,5011.411
3214,1614096.8,5011.1885
3215,1613287.2,5010.9663
3216,1612480.5,5010.7393
3217,1611675.2,5010.504
3218,1610871.2,5010.2593
3219,1610068.0,5010.007
3220,1609266.5,5009.75
3221,1608467.5,5009.493
3222,1607669.0,5009.2373
3223,1606870.1,5008.983
3224,1606073.0,5008.726
3225,1605276.0,5008.4697
3226,1604480.5,5008.213
3227,1603685.2,5007.9585
3228,1602889.5,5007.71
3229,1602092.0,5007.472
3230,1601293.0,5007.2437
3231,1600492.6,5007.0205
3232,1599693.2,5006.8
3233,1598896.2,5006.5747
3234,1598100.5,5006.347
3235,1597304.2,5006.119
3236,1596511.4,5005.8896
3237,1595720.0,5005.662
3238,1594929.9,5005.4395
3239,1594139.1,5005.217
3240,1593348.1,5004.9966
3241,1592558.4,5004.7803
3242,1591768.6,5004.5645
3243,1590979.9,5004.3516
3244,1590193.0,5004.1377
3245,1589407.2,5003.925
3246,1588622.6,5003.717
3247,1587837.0,5003.524
3248,1587051.6,5003.3486
3249,1586265.5,5003.1934
3250,1585479.0,5003.04
3251,1584694.6,5002.88
3252,1583912.6,5002.71
3253,1583133.6,5002.5234
3254,1582356.0,5002.3286
3255,1581578.4,5002.1367
3256,1580802.5,5001.9497
3257,1580029.0,5001.7603
3258,1579258.2,5001.5654
3259,1578490.2,5001.364
3260,1577723.8,5001.1533
3261,1576958.9,5000.9355
3262,1576195.0,5000.7085
3263,1575432.5,5000.4707
3264,1574670.0,5000.2305
3265,1573906.8,4999.99
3266,1573145.2,4999.7495
3267,1572385.2,4999.5083
3268,1571625.9,4999.2656
3269,1570867.9,4999.023
3270,1570110.1,4998.7847
3271,1569351.8,4998.549
3272,1568593.0,4998.32
3273,1567833.8,4998.098
3274,1567074.5,4997.8853
3275,1566316.4,4997.6807
3276,1565558.4,4997.4854
3277,1564798.2,4997.301
3278,1564037.8,4997.121
3279,1563277.5,4996.942
3280,1562518.0,4996.755
3281,1561759.6,4996.5586
3282,1561002.5,4996.356
3283,1560247.8,4996.151
3284,1559495.0,4995.9395
3285,1558742.4,4995.728
3286,1557992.8,4995.5137
3287,1557244.2,4995.293
3288,1556495.5,4995.076
3289,1555747.6,4994.867
3290,1554998.5,4994.671
3291,1554249.4,4994.4854
3292,1553499.2,4994.3037
3293,1552750.2,4994.12
3294,1552003.2,4993.932
3295,1551257.2,4993.741
3296,1550512.5,4993.5527
3297,1549770.4,4993.3706
3298,1549029.5,4993.1895
3299,1548287.5,4993.0044
3300,1547545.8,4992.816
3301,1546805.6,4992.6226
3302,1546066.6,4992.4287
3303,1545327.2,4992.2417
3304,1544588.9,4992.0625
3305,1543851.1,4991.8887
3306,1543114.0,4991.7124
3307,1542378.2,4991.532
3308,1541642.9,4991.3506
3309,1540908.4,4991.176
3310,1540172.8,4991.0137
3311,1539438.5,4990.8623
3312,1538705.8,4990.7104
3313,1537974.8,4990.553
3314,1537245.8,4990.3877
3315,1536517.1,4990.214
3316,1535789.0,4990.04
3317,1535060.2,4989.87
3318,1534332.0,4989.699
3319,1533604.1,4989.53
3320,1532877.5,4989.3623
3321,1532152.4,4989.197
3322,1531429.2,4989.0356
3323,1530706.2,4988.874
3324,1529984.5,4988.704
3325,1529264.8,4988.5195
3326,1528546.8,4988.3213
3327,1527830.8,4988.115
3328,1527116.1,4987.9097
3329,1526402.0,4987.711
3330,1525688.2,4987.5215
3331,1524974.8,4987.341
3332,1524261.5,4987.166
3333,1523548.6,4986.9956
3334,1522837.2,4986.824
3335,1522126.8,4986.6533
3336,1521416.8,4986.483
3337,1520706.1,4986.318
3338,1519994.8,4986.1597
3339,1519285.0,4985.9966
3340,1518576.4,4985.825
3341,1517869.2,4985.6475
3342,1517163.6,4985.462
3343,1516459.4,4985.272
3344,1515758.2,4985.0815
3345,1515057.2,4984.8926
3346,1514357.2,4984.7036
3347,1513658.1,4984.514
3348,1512960.4,4984.3257
3349,1512262.5,4984.1357
3350,1511564.8,4983.9478
3351,1510868.6,4983.7583
3352,1510173.1,4983.5684
3353,1509478.9,4983.375
3354,1508785.8,4983.1753
3355,1508093.8,4982.967
3356,1507404.1,4982.751
3357,1506716.4,4982.527
3358,1506028.8,4982.299
3359,1505341.1,4982.074
3360,1504654.5,4981.858
3361,1503967.4,4981.653
3362,1503278.9,4981.456
3363,1502588.8,4981.2666
3364,1501897.2,4981.0874
3365,1501204.8,4980.922
3366,1500511.4,4980.7656
3367,1499817.0,4980.6143
3368,1499122.4,4980.461
3369,1498426.8,4980.311
3370,1497731.5,4980.166
3371,1497036.6,4980.0264
3372,1496342.2,4979.8975
3373,1495647.0,4979.7734
3374,1494952.6,4979.6475
3375,1494260.2,4979.5146
3376,1493569.9,4979.376
3377,1492881.2,4979.2334
3378,1492193.0,4979.0977
3379,1491505.6,4978.967
3380,1490820.4,4978.836
3381,1490137.4,4978.697
3382,1489456.1,4978.547
3383,1488776.8,4978.3857
3384,1488098.4,4978.216
3385,1487422.5,4978.0337
3386,1486749.8,4977.842
3387,1486079.1,4977.633
3388,1485410.5,4977.4062
3389,1484743.9,4977.1675
3390,1484077.8,4976.925
3391,1483412.8,4976.6855
3392,1482746.8,4976.458
3393,1482079.9,4976.242
3394,1481413.5,4976.033
3395,1480746.4,4975.8306
3396,1480079.5,4975.6323
3397,1479412.4,4975.4414
3398,1478744.5,4975.253
3399,1478077.2,4975.069
3400,1477409.9,4974.884
3401,1476742.2,4974.7
3402,1476075.2,4974.5195
3403,1475407.4,4974.3447
3404,1474740.6,4974.1772
3405,1474074.0,4974.0137
3406,1473407.0,4973.8564
3407,1472740.5,4973.702
3408,1472073.6,4973.552
3409,1471407.2,4973.401
3410,1470740.5,4973.2495
3411,1470073.6,4973.0977
3412,1469407.5,4972.9473
3413,1468742.2,4972.7935
3414,1468077.2,4972.634
3415,1467413.2,4972.4697
3416,1466749.0,4972.308
3417,1466086.2,4972.1484
3418,1465423.9,4971.9893
3419,1464761.9,4971.829
3420,1464100.5,4971.6606
3421,1463441.4,4971.4814
3422,1462783.8,4971.296
3423,1462126.6,4971.1157
3424,1461469.8,4970.9463
3425,1460813.5,4970.787
3426,1460158.0,4970.6357
3427,1459504.0,4970.49
3428,1458850.5,4970.3477
3429,1458196.5,4970.2056
3430,1457542.5,4970.0615
3431,1456889.0,4969.913
3432,1456236.5,4969.759
3433,1455585.4,4969.5957
3434,1454935.0,4969.4336
3435,1454285.1,4969.276
3436,1453633.5,4969.13
3437,1452983.8,4968.99
3438,1452333.0,4968.849
3439,1451683.8,4968.702
3440,1451035.5,4968.5493
3441,1450388.0,4968.3945
3442,1449741.9,4968.2363
3443,1449097.4,4968.0693
3444,1448454.6,4967.897
3445,1447812.1,4967.726
3446,1447169.6,4967.556
3447,1446528.2,4967.3906
3448,1445886.2,4967.229
3449,1445243.8,4967.073
3450,1444601.8,4966.9204
3451,1443960.9,4966.768
3452,1443317.5,4966.6196
3453,1442674.0,4966.4756
3454,1442031.8,4966.334
3455,1441393.0,4966.1943
3456,1440755.8,4966.0493
3457,1440119.8,4965.898
3458,1439486.0,4965.7393
3459,1438853.0,4965.574
3460,1438220.2,4965.407
3461,1437587.9,4965.2383
3462,1436957.1,4965.0645
3463,1436327.2,4964.884
3464,1435697.8,4964.7017
3465,1435068.2,4964.524
3466,1434438.0,4964.3516
3467,1433807.4,4964.182
3468,1433177.5,4964.0127
3469,1432550.1,4963.8423
3470,1431923.2,4963.669
3471,1431295.8,4963.494
3472,1430667.1,4963.3228
3473,1430039.2,4963.152
3474,1429413.5,4962.985
3475,1428788.6,4962.8184
3476,1428165.2,4962.652
3477,1427543.0,4962.48
3478,1426922.0,4962.302
3479,1426302.6,4962.12
3480,1425682.0,4961.9375
3481,1425061.4,4961.7617
3482,1424441.6,4961.5933
3483,1423821.9,4961.4346
3484,1423201.5,4961.285
3485,1422580.4,4961.1357
3486,1421960.4,4960.9834
3487,1421343.0,4960.823
3488,1420727.1,4960.6562
3489,1420113.2,4960.4775
3490,1419500.0,4960.287
3491,1418886.1,4960.0986
3492,1418272.0,4959.925
3493,1417655.5,4959.7656
3494,1417037.6,4959.619
3495,1416419.0,4959.48
3496,1415801.2,4959.34
3497,1415183.1,4959.1924
3498,1414565.8,4959.0415
3499,1413948.0,4958.8936
3500,1413329.5,4958.749
3501,1412713.2,4958.6035
3502,1412098.5,4958.451
3503,1411484.5,4958.292
3504,1410871.5,4958.1235
3505,1410257.6,4957.9497
3506,1409644.8,4957.7705
3507,1409033.9,4957.588
3508,1408423.2,4957.403
3509,1407812.8,4957.2217
3510,1407202.6,4957.045
3511,1406592.2,4956.8726
3512,1405982.2,4956.701
3513,1405374.5,4956.5244
3514,1404768.9,4956.333
3515,1404166.6,4956.13
3516,1403566.0,4955.914
3517,1402966.8,4955.6924
3518,1402368.0,4955.472
3519,1401769.2,4955.2476
3520,1401171.2,4955.016
3521,1400573.4,4954.7827
3522,1399976.8,4954.5557
3523,1399380.6,4954.3384
3524,1398784.0,4954.128
3525,1398188.1,4953.917
3526,1397592.0,4953.703
3527,1396996.4,4953.485
3528,1396401.9,4953.264
3529,1395808.5,4953.0464
3530,1395214.2,4952.8345
3531,1394620.0,4952.633
3532,1394025.5,4952.439
3533,1393431.1,4952.247
3534,1392838.8,4952.047
3535,1392249.5,4951.831
3536,1391661.6,4951.5977
3537,1391076.0,4951.355
3538,1390491.8,4951.1104
3539,1389909.0,4950.872
3540,1389325.2,4950.644
3541,1388741.2,4950.425
3542,1388158.2,4950.211
3543,1387576.1,4949.9946
3544,1386993.8,4949.7734
3545,1386410.8,4949.552
3546,1385828.2,4949.33
3547,1385245.5,4949.114
3548,1384662.4,4948.9033
3549,1384078.9,4948.7
3550,1383494.0,4948.506
3551,1382909.5,4948.3154
3552,1382324.6,4948.124
3553,1381740.1,4947.9287
3554,1381156.5,4947.7334
3555,1380572.2,4947.533
3556,1379989.2,4947.333
3557,1379407.8,4947.1367
3558,1378826.2,4946.948
3559,1378244.9,4946.7686
3560,1377663.0,4946.5967
3561,1377079.9,4946.4326
3562,1376495.8,4946.2725
3563,1375911.8,4946.12
3564,1375327.8,4945.973
3565,1374744.2,4945.827
3566,1374161.4,4945.677
3567,1373579.5,4945.5225
3568,1372997.5,4945.3667
3569,1372416.0,4945.222
3570,1371834.0,4945.0913
3571,1371252.1,4944.9707
3572,1370669.6,4944.8467
3573,1370089.0,4944.7095
3574,1369510.6,4944.559
3575,1368934.5,4944.3955
3576,1368359.1,4944.2188
3577,1367787.5,4944.0283
3578,1367217.5,4943.836
3579,1366649.5,4943.6465
3580,1366083.0,4943.4644
3581,1365515.9,4943.295
3582,1364948.5,4943.1377
3583,1364380.9,4942.983
3584,1363814.0,4942.826
3585,1363247.5,4942.672
3586,1362679.6,4942.5244
3587,1362109.1,4942.3945
3588,1361537.2,4942.2793
3589,1360964.5,4942.175
3590,1360393.0,4942.0664
3591,1359824.2,4941.9463
3592,1359257.2,4941.8096
3593,1358690.5,4941.662
3594,1358125.2,4941.509
3595,1357560.5,4941.356
3596,1356997.2,4941.2026
3597,1356433.5,4941.049
3598,1355869.1,4940.895
3599,1355304.5,4940.7427
3600,1354741.2,4940.59
3601,1354179.0,4940.433
3602,1353617.9,4940.267
3603,1353059.0,4940.0938
3604,1352500.6,4939.914
3605,1351943.4,4939.731
3606,1351386.2,4939.548
3607,1350829.1,4939.369
3608,1350271.9,4939.1943
3609,1349714.1,4939.0234
3610,1349156.5,4938.8555
3611,1348601.0,4938.689
3612,1348045.2,4938.5254
3613,1347489.5,4938.363
3614,1346935.1,4938.202
3615,1346381.0,4938.0444
3616,1345826.5,4937.8955
3617,1345271.5,4937.758
3618,1344716.6,4937.6274
3619,1344162.2,4937.498
3620,1343609.8,4937.363
3621,1343058.8,4937.216
3622,1342509.8,4937.052
3623,1341961.8,4936.876
3624,1341416.0,4936.6953
3625,1340871.2,4936.5103
3626,1340327.2,4936.3276
3627,1339782.8,4936.1436
3628,1339238.5,4935.9585
3629,1338692.9,4935.7817
3630,1338147.2,4935.611
3631,1337602.8,4935.4453
3632,1337056.1,4935.2896
3633,1336507.8,4935.1436
3634,1335960.2,4935.0005
3635,1335411.5,4934.8604
3636,1334860.9,4934.727
3637,1334310.5,4934.596
3638,1333760.0,4934.4624
3639,1333210.0,4934.3223
3640,1332662.2,4934.171
3641,1332116.5,4934.0063
3642,1331572.5,4933.834
3643,1331029.0,4933.657
3644,1330485.0,4933.4805
3645,1329941.4,4933.3057
3646,1329398.1,4933.133
3647,1328855.0,4932.961
3648,1328311.9,4932.7954
3649,1327769.0,4932.635
3650,1327226.5,4932.4775
3651,1326684.9,4932.318
3652,1326144.0,4932.1553
3653,1325603.8,4932.0
3654,1325064.0,4931.85
3655,1324523.0,4931.71
3656,1323982.8,4931.5713
3657,1323444.0,4931.4233
3658,1322906.4,4931.26
3659,1322369.8,4931.083
3660,1321834.1,4930.9043
3661,1321298.0,4930.7295
3662,1320760.8,4930.5615
3663,1320223.4,4930.3975
3664,1319688.1,4930.2256
3665,1319155.4,4930.038
3666,1318624.5,4929.837
3667,1318094.4,4929.625
3668,1317563.5,4929.41
3669,1317033.8,4929.1924
3670,1316502.8,4928.9766
3671,1315972.8,4928.7637
3672,1315443.2,4928.5576
3673,1314913.8,4928.3613
3674,1314385.5,4928.1636
3675,1313857.9,4927.9688
3676,1313331.0,4927.7773
3677,1312803.5,4927.59
3678,1312274.4,4927.414
3679,1311743.5,4927.2583
3680,1311211.2,4927.1177
3681,1310678.5,4926.9834
3682,1310147.4,4926.8403
3683,1309616.5,4926.6855
3684,1309085.6,4926.5254
3685,1308555.0,4926.365
3686,1308024.5,4926.2
3687,1307495.8,4926.0264
3688,1306969.8,4925.836
3689,1306444.2,4925.625
3690,1305921.6,4925.402
3691,1305399.9,4925.173
3692,1304879.5,4924.9463
3693,1304359.6,4924.717
3694,1303840.8,4924.487
3695,1303322.2,4924.26
3696,1302803.5,4924.04
3697,1302283.4,4923.826
3698,1301762.5,4923.617
3699,1301241.2,4923.407
3700,1300719.6,4923.198
3701,1300198.4,4922.992
3702,1299678.2,4922.7905
3703,1299157.5,4922.596
3704,1298636.6,4922.4097
3705,1298117.0,4922.2266
3706,1297597.6,4922.046
3707,1297079.5,4921.867
3708,1296561.9,4921.6924
3709,1296044.8,4921.5166
3710,1295527.8,4921.339
3711,1295010.4,4921.1577
3712,1294493.2,4920.974
3713,1293976.0,4920.7935
3714,1293457.2,4920.62
3715,1292937.0,4920.46
3716,1292415.5,4920.3105
3717,1291893.2,4920.1646
3718,1291372.0,4920.0107
3719,1290852.9,4919.846
3720,1290336.0,4919.668
3721,1289818.9,4919.4844
3722,1289302.0,4919.299
3723,1288785.2,4919.1123
3724,1288268.8,4918.9272
3725,1287753.5,4918.7485
3726,1287238.6,4918.5757
3727,1286723.1,4918.4116
3728,1286207.0,4918.252
3729,1285690.2,4918.093
3730,1285173.6,4917.9414
3731,1284656.1,4917.8022
3732,1284137.5,4917.672
3733,1283618.5,4917.547
3734,1283100.4,4917.423
3735,1282582.8,4917.295
3736,1282066.2,4917.1567
3737,1281550.5,4917.0176
3738,1281034.2,4916.8867
3739,1280517.0,4916.7656
3740,1279999.1,4916.6523
3741,1279481.2,4916.54
3742,1278964.2,4916.422
3743,1278449.0,4916.301
3744,1277934.9,4916.1797
3745,1277421.1,4916.0527
3746,1276909.2,4915.912
3747,1276398.8,4915.7573
3748,1275890.0,4915.589
3749,1275382.6,4915.41
3750,1274876.0,4915.231
3751,1274369.1,4915.0547
3752,1273863.8,4914.875
3753,1273359.0,4914.6855
3754,1272857.0,4914.4844
3755,1272355.4,4914.2803
3756,1271852.9,4914.085
3757,1271350.0,4913.8994
3758,1270848.1,4913.7197
3759,1270346.2,4913.545
3760,1269844.8,4913.369
3761,1269341.2,4913.198
3762,1268837.1,4913.03
3763,1268332.8,4912.859
3764,1267829.1,4912.677
3765,1267326.9,4912.484
3766,1266824.6,4912.2944
3767,1266324.8,4912.1133
3768,1265824.2,4911.9434
3769,1265323.1,4911.782
3770,1264823.5,4911.615
3771,1264326.4,4911.436
3772,1263830.8,4911.246
3773,1263335.0,4911.051
3774,1262839.5,4910.8584
3775,1262343.0,4910.6724
3776,1261846.2,4910.4927
3777,1261350.2,4910.317
3778,1260853.8,4910.1475
3779,1260356.8,4909.9893
3780,1259859.2,4909.8345
3781,1259362.8,4909.6797
3782,1258865.8,4909.523
3783,1258369.6,4909.3657
3784,1257873.8,4909.214
3785,1257376.8,4909.075
3786,1256879.1,4908.9404
3787,1256382.5,4908.7935
3788,1255888.8,4908.6167
3789,1255398.5,4908.4146
3790,1254909.6,4908.2
3791,1254421.0,4907.9946
3792,1253931.4,4907.8105
3793,1253439.2,4907.644
3794,1252947.0,4907.485
3795,1252456.0,4907.323
3796,1251965.4,4907.158
3797,1251475.1,4906.9814
3798,1250986.2,4906.793
3799,1250499.0,4906.59
3800,1250013.9,4906.3784
3801,1249528.2,4906.1665
3802,1249042.5,4905.963
3803,1248556.5,4905.7666
3804,1248071.5,4905.5703
3805,1247587.1,4905.371
3806,1247103.2,4905.1646
3807,1246619.8,4904.9565
3808,1246135.5,4904.7524
3809,1245650.8,4904.5557
3810,1245164.9,4904.361
3811,1244679.1,4904.1646
3812,1244193.4,4903.9697
3813,1243708.1,4903.778
3814,1243221.5,4903.591
3815,1242734.6,4903.4097
3816,1242248.0,4903.2305
3817,1241761.8,4903.05
3818,1241275.8,4902.874
3819,1240790.2,4902.709
3820,1240303.5,4902.5605
3821,1239816.0,4902.422
3822,1239329.2,4902.283
3823,1238842.8,4902.1353
3824,1238358.5,4901.9824
3825,1237874.2,4901.831
3826,1237387.8,4901.6953
3827,1236899.8,4901.5728
3828,1236411.6,4901.451
3829,1235924.1,4901.323
3830,1235438.9,4901.1836
3831,1234955.9,4901.033
3832,1234474.8,4900.867
3833,1233994.4,4900.6895
3834,1233516.1,4900.498
3835,1233037.2,4900.305
3836,1232557.2,4900.1206
3837,1232075.5,4899.949
3838,1231593.1,4899.785
3839,1231113.5,4899.6143
3840,1230634.8,4899.428
3841,1230157.5,4899.2314
3842,1229680.2,4899.0366
3843,1229202.0,4898.8467
3844,1228723.9,4898.661
3845,1228245.0,4898.4766
3846,1227765.6,4898.2925
3847,1227286.4,4898.1064
3848,1226807.5,4897.921
3849,1226328.5,4897.7334
3850,1225850.1,4897.541
3851,1225372.5,4897.342
3852,1224895.2,4897.1436
3853,1224418.4,4896.95
3854,1223940.4,4896.7646
3855,1223463.0,4896.579
3856,1222987.0,4896.3877
3857,1222513.0,4896.1826
3858,1222040.5,4895.9644
3859,1221569.2,4895.7383
3860,1221099.9,4895.51
3861,1220630.9,4895.2783
3862,1220162.8,4895.0503
3863,1219694.8,4894.8286
3864,1219225.2,4894.624
3865,1218756.0,4894.425
3866,1218287.8,4894.2207
3867,1217822.1,4894.0024
3868,1217357.6,4893.7705
3869,1216895.2,4893.531
3870,1216431.6,4893.298
3871,1215967.4,4893.073
3872,1215502.9,4892.8545
3873,1215038.4,4892.634
3874,1214574.5,4892.4146
3875,1214111.5,4892.1953
3876,1213646.8,4891.9795
3877,1213182.0,4891.7734
3878,1212717.2,4891.5747
3879,1212253.5,4891.3794
3880,1211790.1,4891.19
3881,1211327.5,4891.003
3882,1210865.0,4890.8154
3883,1210403.8,4890.623
3884,1209943.6,4890.4243
3885,1209483.5,4890.2266
3886,1209022.5,4890.0376
3887,1208560.2,4889.8623
3888,1208096.2,4889.6953
3889,1207631.9,4889.5254
3890,1207167.4,4889.349
3891,1206703.5,4889.164
3892,1206241.6,4888.977
3893,1205779.1,4888.7905
3894,1205317.2,4888.6064
3895,1204853.9,4888.4287
3896,1204388.9,4888.2607
3897,1203923.2,4888.102
3898,1203457.4,4887.956
3899,1202990.9,4887.8223
3900,1202523.4,4887.692
3901,1202055.8,4887.5625
3902,1201588.0,4887.4287
3903,1201121.4,4887.291
3904,1200655.2,4887.1494
3905,1200190.0,4886.9995
3906,1199726.2,4886.842
3907,1199263.6,4886.674
3908,1198801.4,4886.494
3909,1198340.4,4886.3037
3910,1197880.0,4886.105
3911,1197420.4,4885.906
3912,1196960.5,4885.71
3913,1196500.5,4885.5205
3914,1196040.4,4885.337
3915,1195579.8,4885.1523
3916,1195119.8,4884.9653
3917,1194659.9,4884.7773
3918,1194201.0,4884.5903
3919,1193741.4,4884.4043
3920,1193281.9,4884.218
3921,1192822.0,4884.038
3922,1192362.4,4883.867
3923,1191902.6,4883.708
3924,1191443.1,4883.559
3925,1190983.1,4883.414
3926,1190523.2,4883.2754
3927,1190063.5,4883.1406
3928,1189604.8,4883.005
3929,1189146.5,4882.8643
3930,1188689.6,4882.718
3931,1188233.4,4882.5635
3932,1187778.0,4882.4053
3933,1187324.2,4882.24
3934,1186870.8,4882.073
3935,1186417.0,4881.907
3936,1185964.8,4881.739
3937,1185512.1,4881.5723
3938,1185059.4,4881.409
3939,1184607.1,4881.2485
3940,1184155.5,4881.0845
3941,1183703.9,4880.919
3942,1183252.6,4880.7563
3943,1182803.1,4880.593
3944,1182354.8,4880.419
3945,1181907.4,4880.2354
3946,1181461.0,4880.044
3947,1181014.2,4879.855
3948,1180567.8,4879.6733
3949,1180120.2,4879.4995
3950,1179673.5,4879.327
3951,1179226.4,4879.1523
3952,1178779.2,4878.978
3953,1178330.5,4878.807
3954,1177882.0,4878.6387
3955,1177433.1,4878.4746
3956,1176983.5,4878.3135
3957,1176534.0,4878.1587
3958,1176084.5,4878.0063
3959,1175636.2,4877.8535
3960,1175189.2,4877.6924
3961,1174743.8,4877.5166
3962,1174300.1,4877.328
3963,1173857.6,4877.1377
3964,1173414.9,4876.952
3965,1172972.2,4876.775
3966,1172529.6,4876.6
3967,1172087.0,4876.4326
3968,1171643.5,4876.2773
3969,1171198.8,4876.1323
3970,1170754.9,4875.9844
3971,1170310.8,4875.833
3972,1169868.0,4875.6743
3973,1169425.2,4875.518
3974,1168981.2,4875.3604
3975,1168537.4,4875.2046
3976,1168094.5,4875.0464
3977,1167652.5,4874.8813
3978,1167211.8,4874.707
3979,1166771.5,4874.524
3980,1166331.2,4874.339
3981,1165891.2,4874.1636
3982,1165450.6,4874.002
3983,1165009.8,4873.8496
3984,1164568.1,4873.706
3985,1164125.8,4873.5635
3986,1163683.1,4873.4277
3987,1163238.9,4873.3
3988,1162793.8,4873.1777
3989,1162348.0,4873.0605
3990,1161903.4,4872.9355
3991,1161459.5,4872.8003
3992,1161016.5,4872.6577
3993,1160575.6,4872.5044
3994,1160137.2,4872.341
3995,1159700.0,4872.173
3996,1159262.0,4872.0107
3997,1158823.6,4871.8594
3998,1158385.1,4871.717
3999,1157946.0,4871.581
4000,1157508.5,4871.442
